,Country/Region/World,Series,2000,2001,2002,2003,2004,2005,2006,2007,2008,2009,2010,2011,2012,2013,2014,2015,2016
0,Afghanistan,BMI,21.76888811270695,21.8795878232603,21.989516107625953,22.0979285441661,22.20432888284115,22.30908134803235,22.412375004542803,22.5152899553519,22.61796379106375,22.72105298814845,22.82425954142845,22.928317629983653,23.0334182531303,23.13955604865115,23.245760856236352,23.35208904085395,23.45829535836245
1,Albania,BMI,25.31930672325565,25.40233497331105,25.4896786214889,25.58057168516065,25.674052121913803,25.7695948985002,25.8669582984139,25.965173965062647,26.063784001290948,26.161851753081898,26.259255592697052,26.35626162293645,26.45311440041595,26.5501893231544,26.64741633658265,26.7447448039587,26.840991419728198
2,Algeria,BMI,24.420677634064802,24.507149034349048,24.59092624056035,24.6719529180503,24.750855919138047,24.8272873367071,24.9023835975216,24.97837306261825,25.05777855249545,25.13945166958345,25.222069939802353,25.3047624796925,25.3873341902244,25.46965896530525,25.55186026689455,25.63333130764025,25.713275599829302
3,American Samoa,BMI,34.34090979216395,34.354130966005144,34.357568171234846,34.3530180985675,34.3423675688159,34.326902358588754,34.3078068399591,34.28669780471979,34.265114596913,34.24352190994935,34.2218365271807,34.2009746752422,34.18100852653275,34.1617135881466,34.1431317453847,34.1251826802582,34.107792664723206
4,Andorra,BMI,26.839130131893548,26.8711609517485,26.9003640619737,26.92644707228905,26.94910259588675,26.967013512986398,26.980117372333147,26.9882689922224,26.9908532017751,26.9878800575284,26.97901465022915,26.96534236422295,26.948271946832648,26.929531390862998,26.91059069116995,26.892112695105553,26.8750278381915
5,Angola,BMI,21.7433170512415,21.85837592677375,21.9733570074305,22.0876411245744,22.2006677106314,22.31159463051495,22.420578829124153,22.52753316170335,22.6321102419022,22.7340704528457,22.8336913081196,22.93174579583685,23.028553572175248,23.1244149684164,23.21948287556635,23.31371175478425,23.40651981765655
6,Antigua and Barbuda,BMI,25.25846446138145,25.360759126675248,25.461659122373447,25.561573243305602,25.66053774525695,25.7591394753822,25.857501470801402,25.95608785958465,26.0551700459053,26.154877204994598,26.25563743311805,26.35876816097925,26.4631914865824,26.569027366857803,26.67593563420165,26.78389166669345,26.89377817146795
7,Argentina,BMI,26.32657818217035,26.4134027610102,26.50072609149675,26.58933953102595,26.6797926492092,26.77222906726395,26.866507201268,26.9629684972893,27.06175915350635,27.162661647162402,27.2658168277065,27.370941391777798,27.47716824149635,27.5843538579085,27.69222348374415,27.80035406108695,27.908135446036248
8,Armenia,BMI,25.7220262987584,25.7602110815713,25.799316357695297,25.83941289334095,25.8809170819353,25.923667061619803,25.967938022841402,26.01366937840405,26.06191645046055,26.11151735644465,26.16164963692155,26.2122247135595,26.2632959585116,26.3146624274409,26.366242011397752,26.417450843577,26.46920131185685
9,Australia,BMI,26.3789059516304,26.475448697269,26.566524524179947,26.6517556120251,26.7311817109888,26.80456617874035,26.8717918746393,26.93327835182815,26.9893636020532,27.0401942219842,27.084931591621,27.12449619931935,27.16024722389505,27.19441863453325,27.228155713472347,27.26190913727905,27.29578635031135
10,Austria,BMI,25.09867217624935,25.1532506968481,25.206497596480652,25.258358760040252,25.3085699337245,25.35634358867855,25.4018768476909,25.444491656789047,25.4838860508062,25.52013993031455,25.5528723443727,25.582299583126648,25.609030982589,25.63460050251545,25.659836501643298,25.685110042158,25.7110633499576
11,Azerbaijan,BMI,25.67933770508055,25.7540068913329,25.83220118023985,25.913688758851947,25.99826273850145,26.08581293758285,26.1765892428217,26.2706830600926,26.368241257048602,26.4683834479378,26.57004084890305,26.67328527696135,26.777748409342202,26.88317931325725,26.988949043232047,27.09454609171915,27.20031987442225
12,Bahamas,BMI,26.8455592285745,26.933838343616998,27.0205077883228,27.1057860471118,27.18973615079575,27.2726418353909,27.354801751379348,27.4362622051788,27.517386395208703,27.5984466552619,27.679626750176,27.761695382691848,27.843495992049903,27.925745506946548,28.007982962701952,28.090391101024,28.1730055313511
13,Bahrain,BMI,25.658826859453548,25.61622306131515,25.56660900878705,25.5112294629288,25.4514559558103,25.388088714602198,25.32359786820675,25.2614589050359,25.2053724368112,25.1534793049652,25.10435310690875,25.05761741272575,25.0128195729841,24.96935999332825,24.92716187956345,24.88528558946275,24.84375706258715
14,Bangladesh,BMI,20.17648436959805,20.2758999137859,20.37496460331545,20.4720986059131,20.56735352178285,20.6610501453192,20.75407408943535,20.84738382460135,20.9410084218059,21.03570101690375,21.130921351118,21.22774758938275,21.326750447704,21.4270460449261,21.527633877652,21.62764301206575,21.72684388287965
15,Barbados,BMI,26.592648918847303,26.6796723274948,26.76546582355515,26.8502368216672,26.9341960608877,27.0173517262636,27.1001984842309,27.183066587171147,27.266351455976853,27.3501720936933,27.434835113148,27.5211716878628,27.60818251252345,27.69603673439055,27.784476981661648,27.873345148021052,27.96324387797395
16,Belarus,BMI,25.79241917402825,25.8669322597885,25.943117431366403,26.0202879921674,26.09631649562445,26.16996702801665,26.2402564038764,26.306963714560453,26.369236440735847,26.4270302820558,26.48081065773895,26.5322004017581,26.5817129654483,26.630344818026,26.67819047083695,26.72504925772915,26.771161265094648
17,Belgium,BMI,25.65413445464205,25.702529265344353,25.75121818088615,25.799851514113747,25.84809045381425,25.89545824966955,25.941591432631547,25.9856544102118,26.027161249131503,26.0661330335521,26.10176708939685,26.134304005434,26.1641706958147,26.19254955426205,26.2200977442196,26.247724657662403,26.27552701632555
18,Belize,BMI,27.483280182915898,27.59846033373805,27.71114649578675,27.82143702406695,27.9295454126481,28.035674054252652,28.1400760847469,28.243639119643447,28.34691741336995,28.45012140314155,28.55400152816125,28.65919693925365,28.76487559712605,28.87098195422915,28.9775833964145,29.08456680368435,29.19265170319585
19,Benin,BMI,22.11666981630995,22.236580805461998,22.35488689897,22.471288615184,22.5844963932279,22.69335203110285,22.79834877439005,22.898925544218,22.99410139179785,23.08357268373445,23.167887955817548,23.2483823432175,23.3250812758879,23.399998555243002,23.4746849299386,23.54907141328735,23.623150582215402
20,Bermuda,BMI,27.480203669202098,27.55052306234925,27.620456005198598,27.6898001960871,27.758460376591252,27.82648144344315,27.89439472588795,27.9621703163853,28.029839895091797,28.097564775399,28.16572154092035,28.234720029337602,28.3035899456056,28.37268375439,28.4420821663133,28.511519427981398,28.58117470403395
21,Bhutan,BMI,22.24889303243355,22.38029760385315,22.51063452617185,22.63906620943975,22.76480654469005,22.88790639580915,23.0063011090266,23.1214455095375,23.23359512046735,23.3438127126037,23.45174084658585,23.558439098780703,23.664475869851103,23.77009437397905,23.8747795414154,23.97838246243795,24.08069939927675
22,Bolivia,BMI,24.8006826940257,24.91418725093325,25.026597980979652,25.138449829499102,25.250590475317452,25.36338602458345,25.477435035880198,25.592722445099348,25.7097091180289,25.82833086084765,25.9480955359092,26.0690866842371,26.19058925037535,26.3122120856125,26.433643579283398,26.55456075898755,26.674301170214903
23,Bosnia and Herzegovina,BMI,24.91666879195915,24.9721140530827,25.02950359336795,25.088605013633853,25.149104725307097,25.21093247084125,25.27356093664715,25.3366485665134,25.39990308658685,25.4626252559532,25.52509080683145,25.588786632389002,25.65401531229235,25.7213875712581,25.7911056347532,25.8626167177881,25.9354263701821
24,Botswana,BMI,23.676828313971953,23.748959242053502,23.81687506505675,23.88124369304,23.94292048972785,24.00181965059965,24.0572586099692,24.109060161163697,24.1570723693018,24.200586421908348,24.240614161548798,24.27914584186955,24.31678412582405,24.3537283101849,24.39080248040055,24.42789904170315,24.46527267460655
25,Brazil,BMI,24.9326363850778,25.023924575067,25.1162104773381,25.2103375736588,25.308003226180602,25.40967906296525,25.515423233859153,25.625042759179,25.73851271892965,25.85616180593945,25.9779863332733,26.1033594127736,26.2312926722304,26.361082890358098,26.4921536104391,26.623738511213702,26.7550698118554
26,Brunei Darussalam,BMI,25.403355351187948,25.50810290445495,25.614320254239,25.722065788914648,25.83154086847825,25.94363103687065,26.05830470419715,26.1752637256833,26.29432476214825,26.415946920760852,26.53995943784005,26.6669282191854,26.79629037857115,26.92705670603105,27.05930993781805,27.19213062325695,27.3247582052674
27,Bulgaria,BMI,25.467042031745848,25.52589504861015,25.5886301212785,25.654342266052097,25.72284634275,25.7939054797307,25.86679646242645,25.94088064482475,26.015350557511,26.08948364756325,26.163230194451152,26.23747676363505,26.31279103496695,26.389362548447,26.4673948626952,26.54659360707265,26.626211944153347
28,Burkina Faso,BMI,20.9512950524621,21.0487810476898,21.1470008844804,21.24503597688145,21.34137927132405,21.434400254127098,21.5244649421208,21.610325847749948,21.691443957565802,21.766868283596352,21.836870328765798,21.90253649611525,21.9645586231982,22.0246163547002,22.0840611608021,22.1427270664039,22.200156009724502
29,Burundi,BMI,20.6277835754225,20.706681487970798,20.78408620594105,20.8598980505581,20.934087150021902,21.0053811775014,21.07505522805405,21.1428152417372,21.2088971260791,21.2736027254592,21.337214715831898,21.401455839952348,21.46657360578595,21.5323188406037,21.598688082766152,21.6651314947611,21.73137588634755
30,Cabo Verde,BMI,23.32659469289645,23.441565281457798,23.55405023767345,23.6635990773382,23.768994682967453,23.8689238664913,23.9630239297097,24.0511388751254,24.132873406475497,24.20782908573845,24.27621769335975,24.339271180151847,24.397712139772402,24.4534203024957,24.5083210371226,24.562113456701653,24.61423765770075
31,Cambodia,BMI,20.71923018886575,20.804221421283998,20.88920195647755,20.97434787801495,21.060244881507252,21.1477009383337,21.2371286106833,21.32850950487445,21.422359663009253,21.51914581798545,21.6185428303942,21.72197925995475,21.82880226290855,21.9374005126052,22.0476193114871,22.1589717144657,22.27083647048125
32,Cameroon,BMI,23.103475323829798,23.2191973129237,23.3332717413425,23.44481784921215,23.5520829385794,23.653853121157248,23.7501770025211,23.840772046525203,23.9251707683525,24.0029447617415,24.0745076033438,24.14114842348355,24.20373343561355,24.26416220445285,24.32412229867365,24.383345839219302,24.44157936033535
33,Canada,BMI,26.4427522285695,26.5226880523491,26.59648376468725,26.663963926996452,26.725570210544248,26.78120701563095,26.831278333941448,26.87640849108405,26.91655665169,26.9517871685821,26.98176585767225,27.007216011681848,27.029020613674398,27.04928714228895,27.069251767102003,27.0890395604251,27.108971853415753
34,Chad,BMI,20.9932954414233,21.08307439589665,21.17138637343735,21.25792218890825,21.341285153288048,21.420327407901148,21.49493924271,21.56480700503405,21.6292554441763,21.6877104559516,21.74066659206065,21.7897905225366,21.8354792829779,21.87990999610505,21.92447926048985,21.969247389303,22.01462802385825
35,Chile,BMI,26.7856318980213,26.863170845591398,26.94115676127155,27.01980998550635,27.09951429836495,27.1805299059186,27.26305427922405,27.34721404411535,27.4332808248191,27.5210332822412,27.61085388958385,27.7024143495591,27.7947811529794,27.887879748303902,27.981181531835,28.074658042019,28.16770398997895
36,China,BMI,22.492389275758597,22.5528205515355,22.617844002488802,22.68780432962415,22.76272144439175,22.842624266459453,22.928125707783202,23.018350583386002,23.11150660229735,23.207688562577502,23.305841313014803,23.4061945962027,23.5087027855979,23.6135568243178,23.72004081179005,23.8276312242302,23.93421836102755
37,China (Hong Kong SAR),BMI,23.517203888371597,23.5479589574174,23.58024375005025,23.6144907576379,23.6509318883681,23.68982332606615,23.73181980464495,23.777126042392553,23.82454750153635,23.8744418619991,23.9261169073499,23.98058647737505,24.03764143736555,24.097014747201698,24.15827464338765,24.2211303700792,24.285091452463398
38,Colombia,BMI,24.9609360271346,25.05549668293385,25.14738678575965,25.23682479126945,25.32452154439555,25.41067620424355,25.49579444060045,25.5807819552961,25.66645741915275,25.7528985303663,25.8401932845583,25.92849670437625,26.01735489467265,26.1062156015346,26.19530914994205,26.2841646681409,26.37263182658295
39,Comoros,BMI,22.83516089157225,22.94689926341525,23.05808465141125,23.168809765105948,23.2786701027871,23.38679108252105,23.4945058504459,23.60135991460935,23.707399414773953,23.81240775026495,23.91701387911575,24.02264137486495,24.12918478786385,24.2365487315921,24.3447117203831,24.45268556265875,24.5607171655906
40,Congo,BMI,22.132706123981848,22.21802374632075,22.30261327747325,22.386551818319298,22.4692350130614,22.5495144803215,22.6273579929142,22.7030458243146,22.77616553435145,22.8467718272015,22.915010741946,22.9818792788166,23.04771607123585,23.113187022064352,23.1782904233094,23.24301425735635,23.307020864676147
41,Cook Islands,BMI,31.77814737040905,31.8732087869986,31.96778385507635,32.0621898130103,32.156110840241595,32.2487768139422,32.336646708548045,32.42120256682006,32.503734587478604,32.5846968031796,32.6639372530811,32.7410540824515,32.8167008100952,32.89134481814065,32.96483247027825,33.0373516422002,33.1093244719643
42,Costa Rica,BMI,25.90268210244455,26.02390016267025,26.1424710071949,26.257924919573597,26.3705584912574,26.4796787986404,26.585011176585148,26.6872807738735,26.787456976155298,26.8856171929904,26.98172390615055,27.07524628478685,27.16620779402975,27.25488965874715,27.341302754725902,27.4255936765703,27.50725442676695
43,Cote d'Ivoire,BMI,22.7376607404564,22.83745669376665,22.93601008073085,23.0327534807491,23.12578695141905,23.2138808496974,23.29726415203765,23.37538033187225,23.4474855786075,23.513196088919102,23.572629229654453,23.627074379522348,23.677039198363303,23.7246800503408,23.771811090573898,23.818014210971,23.86307096130755
44,Croatia,BMI,25.750527756292648,25.8548794090502,25.96312816727555,26.0749376860321,26.1893759471922,26.30571450006975,26.423959149050248,26.5427477191,26.6609730235649,26.778246136331,26.894731105592598,27.011939695238603,27.1300093479761,27.24936572682845,27.370274590278,27.492437739152848,27.615481487624848
45,Cuba,BMI,24.6722339636217,24.746256710150497,24.819316408682347,24.891141843900648,24.961896394499,25.0317413573781,25.100552641567248,25.1686540613321,25.23634174466905,25.30397170396085,25.372150572999303,25.44116520872155,25.510173662902247,25.57942444606865,25.6487253772288,25.7180219528495,25.7872589805678
46,Cyprus,BMI,26.44985469572935,26.51870019126595,26.58356040255725,26.64437077899005,26.7005954469193,26.75168410919465,26.79695709032115,26.836486970619752,26.869823183100202,26.896693917555197,26.91701155863075,26.9321392991084,26.943530354065047,26.95317358552715,26.962058993394,26.970902241880097,26.98086693001425
47,Czech Republic,BMI,26.6825467495253,26.7051405607928,26.7313620738031,26.760819100003552,26.7936181730866,26.82930802057125,26.86755768501655,26.907445644254203,26.94859100489565,26.9897874057167,27.03118830063415,27.0737406757206,27.1179898709426,27.164034447091403,27.2119872982739,27.2616239631569,27.3124945739661
48,DR Congo,BMI,20.75019655520455,20.84177911865165,20.933457512612,21.02471755419585,21.11515909923755,21.203778199406003,21.2907006106514,21.3759140076066,21.45902901937205,21.53981752284175,21.618593503361552,21.696238105840152,21.7730178689148,21.84920021389975,21.925133588932802,22.000820344603248,22.076130096446647
49,Denmark,BMI,25.027907679595252,25.07956168830755,25.128927314697847,25.1756563666408,25.21929880295785,25.25901479240355,25.29489799307065,25.3259572450088,25.35168675388065,25.37273803199485,25.38823148465795,25.3988626340013,25.405463872610248,25.4097616196856,25.4127433950284,25.41539220973435,25.4181610189808
50,Djibouti,BMI,23.6340275545503,23.6740269184745,23.7124014358605,23.749416528976397,23.78489012275115,23.81789948912735,23.84924679702625,23.87880845422685,23.906942059703297,23.9337137908635,23.95999886970025,23.98696824597525,24.014613511908,24.04306426952965,24.07222743447955,24.10138234642,24.13021913142795
51,Dominica,BMI,25.6864888499827,25.777630965152902,25.8684454720665,25.958732786290398,26.0485701805237,26.138282841440102,26.228192454835153,26.318659748474353,26.40992572155245,26.5014919288501,26.5938807965321,26.686886323737653,26.7795749207147,26.872001168383697,26.9642638968442,27.0563752711857,27.14841222660505
52,Dominican Republic,BMI,25.03681921706965,25.14900278827335,25.2601787200698,25.369623269235298,25.4772097935007,25.5826139932799,25.686495059947852,25.78869757210095,25.8894356359166,25.9886770743822,26.0865319374267,26.182242268541252,26.275440918121802,26.366521390452952,26.45549739744945,26.54254959191495,26.62660531234675
53,Ecuador,BMI,25.4378806754406,25.555993656676698,25.673279036318,25.79024135565365,25.90788125492835,26.02636096977365,26.14599913831475,26.2672303921521,26.390354944173602,26.5154817211474,26.6420117357477,26.7701679509042,26.899347589308,27.028967788154297,27.1586278454994,27.28814846454145,27.41749992180085
54,Egypt,BMI,27.802349754360648,27.9273524951089,28.0502799601369,28.1706805022352,28.28916386204815,28.4056307626037,28.521022285086197,28.638067679277597,28.75952588824775,28.885274023884598,29.01348381943015,29.143724749353503,29.27552272302805,29.4085844387277,29.5430621766582,29.6782069740116,29.814111364800148
55,El Salvador,BMI,26.074790979326,26.205178832510647,26.329145437410652,26.447116814523,26.560335152819498,26.668589258977498,26.7730286595772,26.874338677556302,26.97375064675125,27.0719037882291,27.16928761615075,27.2662999353354,27.3625614050249,27.457878779707947,27.5527232901449,27.646894376545703,27.74046295070955
56,Equatorial Guinea,BMI,22.738993041048147,22.83917778213245,22.9381162392918,23.0355467403402,23.1317086487077,23.22629213252705,23.320061664981047,23.412742006144597,23.5039270604478,23.593311284574753,23.681380671939053,23.76894114985415,23.85631514485215,23.9436710047189,24.03136832575835,24.119004020730202,24.2070105154907
57,Eritrea,BMI,20.19882547083175,20.25201889925045,20.30150708915735,20.34765753953625,20.39003717733095,20.42745539594135,20.461661005384897,20.492988490799803,20.521933327734047,20.548732838985,20.5750136620915,20.6023392478669,20.630854357997002,20.6600116205934,20.689534868394,20.71868467721315,20.74770058076275
58,Estonia,BMI,25.5795167463017,25.6637218160826,25.749594227086,25.835403077311952,25.9181977124979,25.9966117177754,26.069524804948,26.1369164883058,26.1979763723082,26.25280351828915,26.302280904761197,26.3490278224076,26.3942594133585,26.43955037666005,26.4850029181927,26.53059933508995,26.5767957270231
59,Ethiopia,BMI,19.8647519046012,19.9246720315633,19.98189586151755,20.03678213670235,20.088965512285398,20.137707537243152,20.1845327165765,20.229334428247448,20.27231737910425,20.3136519920048,20.35431044709285,20.3960391506289,20.4388976618596,20.48275858704755,20.5272130149963,20.571379970182953,20.615073158941648
60,Fiji,BMI,26.40986958416455,26.511156641487453,26.610858942824002,26.70904285849855,26.8058992395608,26.90098551603185,26.994202762709598,27.08583951208515,27.176552421130047,27.26644336408595,27.3555234430016,27.44512130595305,27.53598162368925,27.62744665258925,27.71962574110245,27.8120981282104,27.90442408230095
61,Finland,BMI,25.90558344755255,25.9474066743193,25.98441495338325,26.01701418714465,26.045529964368697,26.06936505173035,26.089218438354898,26.104703925908602,26.11613528482865,26.1244312568309,26.128813316893748,26.129808772268248,26.1280766801326,26.1249132186214,26.12102947288865,26.11716287788525,26.11349894355825
62,France,BMI,24.991827499211702,25.02605323481025,25.05958068002065,25.09200515810585,25.122333442025102,25.149704067006198,25.1736531758048,25.193982639675,25.2097886344448,25.2200961992638,25.22461791758015,25.2242675968097,25.2202577014582,25.21416634137075,25.20721886435435,25.19980857748195,25.19231818604645
63,French Polynesia,BMI,29.39506641548875,29.410208911740753,29.423797114944648,29.43651538595155,29.44869281713565,29.4600798619579,29.4708979639646,29.4821828463131,29.49440690416685,29.5076190526466,29.5212943332211,29.5356388906354,29.55023877223205,29.5648637632268,29.5799270573767,29.5951013843298,29.6107908137561
64,Gabon,BMI,23.832755971443902,23.9514187488803,24.067986557965853,24.182404763048652,24.2948600766822,24.404420643284702,24.5104493665653,24.6130732682503,24.712198271692102,24.8079615846313,24.900761052289752,24.99084575410735,25.07900010664505,25.165664442686847,25.251204739626353,25.3361684629354,25.419825834586298
65,Gambia,BMI,22.0341038650077,22.19314698919705,22.351775601204302,22.509208797233548,22.6636144985279,22.813722966449703,22.95933209099995,23.0991063428826,23.23274456297785,23.35932061885245,23.4789024398411,23.59159233458395,23.698712943662997,23.8024250558772,23.904852020946052,24.006098051545898,24.105403363295
66,Georgia,BMI,25.949350269590852,26.0394182924818,26.132688858382203,26.22919450095675,26.329148916062998,26.432452408035502,26.540024889863552,26.65191150593955,26.7683490199881,26.88862633832415,27.0112630551248,27.13623294649195,27.26339719989995,27.392100983033252,27.522203579975198,27.65274298256005,27.78370106463705
67,Germany,BMI,25.90634224720475,25.97162398678365,26.03659984106855,26.100980745664998,26.16441377388805,26.22599736146235,26.286136251222402,26.3438494762018,26.39887358573765,26.4508411684983,26.4988686475952,26.54372849489425,26.5858635921518,26.626728445124698,26.666960936996098,26.70696834861015,26.7472197054412
68,Ghana,BMI,22.6759571441383,22.796183209041452,22.91340533045915,23.0273334625049,23.13622787093245,23.238458169306952,23.334471275735652,23.4236072679846,23.50566170796305,23.580582354509552,23.6486754709391,23.711528709753452,23.7698651769472,23.825994390511653,23.8814657175824,23.936277666886852,23.99010605110645
69,Greece,BMI,26.842192696603448,26.89245996499595,26.9418443220065,26.99019221223965,27.0370174522658,27.081084204430702,27.1217584112369,27.158240802580103,27.1899128033023,27.2161642343968,27.23636895959375,27.25079595987015,27.261011064845952,27.26861450035505,27.2748345864252,27.28060842559345,27.28599581638365
70,Greenland,BMI,25.759446832394453,25.82063088883855,25.88013742434085,25.937964291916003,25.993845935264652,26.04701431936575,26.09792193467505,26.145863945528752,26.190336741843502,26.23171220877115,26.2690821251803,26.30352395782285,26.33533492022715,26.3659842305621,26.39607673903095,26.426097464375403,26.456013034747848
71,Grenada,BMI,25.37747153820515,25.49482937658935,25.609935517564402,25.7230670344651,25.834271870939702,25.9440522784946,26.05252055582465,26.160046816994402,26.2670330278582,26.3738927241835,26.4811337254103,26.58913036698805,26.697215969738203,26.8056600004672,26.9142851706762,27.02317314834555,27.1326517706891
72,Guatemala,BMI,25.0421421755767,25.160306849395,25.2750289824562,25.38614200207435,25.4939822975182,25.5985540364086,25.7002576007648,25.79950877292765,25.897284498590352,25.994035023570447,26.090293754140752,26.1866154983949,26.2825654388684,26.377794654540352,26.4726725957576,26.5669984840374,26.66086325105755
73,Guinea,BMI,21.7948454629363,21.89224787446235,21.9885925996966,22.0834134913283,22.17538878145485,22.263296794038503,22.34772485796345,22.4278017976692,22.502905762383747,22.5725876056036,22.6369611414204,22.6975677516821,22.75481419438945,22.8103887917656,22.8660652282605,22.921383869104197,22.97621771144145
74,Guinea Bissau,BMI,22.13212983155225,22.24993808874715,22.36554601721475,22.4785712829317,22.5874730744449,22.6910723662138,22.789593845069952,22.88284351659745,22.9701460937058,23.05121203029805,23.126213280635753,23.19616432483255,23.26142758562665,23.32408717747035,23.385962220573703,23.446729628550898,23.5061827712572
75,Guyana,BMI,24.787394289081348,24.897922874260452,25.00785282322455,25.11725037674765,25.22626202469555,25.33505711004105,25.444002757762,25.55315961095075,25.6629140680376,25.77323687171205,25.88418721627575,25.996968803025702,26.1102670249145,26.22418615032685,26.33875905969085,26.4540489700454,26.570073565469002
76,Haiti,BMI,23.43475209099845,23.56424739269285,23.6964401823978,23.830434691744998,23.96566394445205,24.1013674650093,24.2366419177806,24.37132538831755,24.50482965730535,24.6368248074303,24.76705028170915,24.894358390407852,25.0184375355069,25.139606011994402,25.2578732396382,25.3736087730612,25.486222697955498
77,Honduras,BMI,24.88608441649265,25.0276031031114,25.16650808676055,25.3024481848625,25.43591813083475,25.56670581363255,25.6953920920879,25.82211786621965,25.94770481044805,26.072561444555802,26.196995465708298,26.32115614579205,26.444683491141497,26.5673419609012,26.6893494155822,26.8104778888269,26.930587657789403
78,Hungary,BMI,26.105324996242302,26.17509325191585,26.25042492376335,26.33040269739005,26.41429130203955,26.50104826375415,26.59059789902635,26.6821206034498,26.77444901084435,26.86680052354495,26.9588337691035,27.051168713611652,27.144371725472652,27.2383742074826,27.3334182679204,27.42912413528565,27.5247530652893
79,Iceland,BMI,25.610818315661298,25.67946555235035,25.7460703977812,25.810154532511902,25.871743898260398,25.9303296571663,25.9860569692309,26.03851498649345,26.0871782210285,26.13220459153515,26.1732740564511,26.2109174896038,26.2456757558504,26.27883412922545,26.3113173110801,26.343896083427502,26.3765852397427
80,India,BMI,20.732928965329002,20.8126291271236,20.8919017924429,20.96951487859395,21.044368024198597,21.116405796067248,21.1862614880379,21.2563060743353,21.326624846232598,21.3972651791141,21.46801092324955,21.5394013261848,21.61206509050595,21.6863803202176,21.7605159195695,21.83483243562535,21.909096442601403
81,Indonesia,BMI,21.660516321061202,21.75550845383765,21.850075972397597,21.9441415870867,22.03827508384775,22.13308542750875,22.22847892103465,22.3246838227974,22.421873501323248,22.520565607829248,22.62068049816315,22.722795440655197,22.82654807887695,22.930963162889448,23.0360390876102,23.1412430167962,23.245596896380547
82,Iran,BMI,25.2231117765248,25.31360452411655,25.400223449412202,25.482617554285753,25.56085503271465,25.6344917316337,25.703837722379347,25.7709892885921,25.83832030978525,25.904933978099102,25.96955477175005,26.03218314119565,26.09311966954335,26.15300978238745,26.21230498861485,26.2710319355956,26.32871704018105
83,Iraq,BMI,27.1797910961024,27.27501511419315,27.3709250656888,27.46752725530455,27.5651044436874,27.663188988379247,27.7627283043482,27.8658775689388,27.97490740865475,28.08862591137225,28.20536222103085,28.32486715644805,28.44665881207155,28.570290359290702,28.69550040611885,28.8211710211657,28.947239719326298
84,Ireland,BMI,26.447340325795,26.55462204231175,26.6580307586899,26.7568023791558,26.8509330217532,26.9400976274881,27.0244020295101,27.1042845856322,27.17957449736335,27.25046191641535,27.315911321929697,27.37626216629845,27.4327339565425,27.4873643557381,27.5412974578281,27.59510575802225,27.6489705511625
85,Israel,BMI,26.30026083405055,26.39114036772075,26.481753376815398,26.571615628500552,26.6597915964106,26.74545734506615,26.8283390745858,26.908048058959352,26.983851581995047,27.05503610963735,27.12114505299425,27.183310844791848,27.242719073862503,27.30100636455385,27.3590666362864,27.417506150341552,27.4763614231248
86,Italy,BMI,25.53522350465985,25.588619589872152,25.6392561959297,25.6866336259839,25.72953714666415,25.766698802149,25.79788654334715,25.822714005390402,25.8398169164141,25.84849071351025,25.8482778344783,25.840544832626,25.8269119704377,25.81013061769215,25.7915187948701,25.7721898867582,25.75326235846635
87,Jamaica,BMI,25.603022960790852,25.750829789134052,25.897967638613302,26.0446204922523,26.190602397640248,26.3358522999337,26.480621781998202,26.624862421645553,26.7689396200416,26.9127103473331,27.0566413809943,27.20124206458635,27.3454998560824,27.489749033494448,27.63373450246135,27.777708711154,27.921763295754047
88,Japan,BMI,22.5427252173899,22.558967204428,22.579472182727,22.602618026242148,22.627533114122848,22.652969602217148,22.6752547428731,22.694819483981547,22.7120299328726,22.72700969056185,22.739307491911198,22.747499287888502,22.7527989870199,22.7555515185326,22.75630988610495,22.755680161635752,22.75274609632325
89,Jordan,BMI,28.11641038709825,28.19348669309085,28.266539523774448,28.33616503841015,28.40370877163945,28.469570250691902,28.5352732421827,28.60292839552875,28.6753139583282,28.75061902766245,28.82709513292065,28.90428562799735,28.98212268872495,29.0604640967158,29.139251336027698,29.21802864029425,29.296588308700002
90,Kazakhstan,BMI,25.71657369722925,25.7618104486277,25.8068051975125,25.85213339008535,25.898208888073,25.94510538551825,25.993651005051,26.044184073401652,26.09724201242085,26.15228429538325,26.20859866472565,26.266888803278498,26.32676951311405,26.3877928418941,26.44980589162425,26.5124362712209,26.5759784758742
91,Kenya,BMI,22.016263819380697,22.112064817385402,22.2066501517683,22.29997811930835,22.391691290501647,22.4808705566569,22.5683795729906,22.65440380052815,22.7388709790728,22.8217599028118,22.904192424090752,22.98739106718925,23.0710728307127,23.1550296342826,23.23932531776125,23.3233148517531,23.40703776658155
92,Kiribati,BMI,28.831773750318398,28.948983290004698,29.057984220935097,29.15996033743955,29.2560704971017,29.3465274923066,29.4319173270308,29.5138024007371,29.59388477949905,29.6729890377441,29.7514464306665,29.8307791186339,29.9110485143307,29.99175904646975,30.073069504620797,30.15469773026545,30.23685098514955
93,Kuwait,BMI,28.79541287395915,28.86707940881655,28.936853473635303,29.004547886850503,29.070675202882747,29.134427163606702,29.196649673277,29.2593950097638,29.325630916423698,29.39516380888775,29.4670509156924,29.5408942408546,29.616365370412602,29.69290580222135,29.770551055477952,29.84872884128325,29.9272632925227
94,Kyrgyzstan,BMI,24.85232400470825,24.95423696584095,25.05879583584915,25.165973997377648,25.27580757251205,25.3886196422987,25.5044385356006,25.6234052919826,25.7459991418884,25.871030871242,25.997855522953103,26.1265185441151,26.2565926269219,26.3880798816604,26.5201887187263,26.6524731395979,26.7857485194273
95,Lao PDR,BMI,21.12228187232895,21.22899263755385,21.337674552345348,21.44797671862245,21.559708876805047,21.673081022334948,21.7882494684709,21.9047804028361,22.022541807214,22.14183555157965,22.2625493503894,22.3851807930443,22.509113831784198,22.632894885243,22.75678934965965,22.88008338797355,23.00197252696585
96,Latvia,BMI,25.690890855444998,25.7654438709777,25.84357657814025,25.9239315493207,26.004619597417,26.08449167131315,26.16222106470635,26.237671301243402,26.3097801806319,26.3783723323681,26.4436984895674,26.5074037282869,26.570264284676,26.6330289032829,26.69613834165535,26.759199940811,26.822903320673497
97,Lebanon,BMI,26.5374748696745,26.6226251106947,26.7057128250457,26.786917875508898,26.866646896831398,26.94451265591715,27.02162688897285,27.1000628414547,27.1822987555333,27.26726070667285,27.3534108676258,27.440603894277,27.5286980540893,27.617464869468,27.70684419095305,27.79631252621615,27.886000956946
98,Lesotho,BMI,23.8814339564863,23.95765472926015,24.0340532073671,24.11082222242775,24.187531236376202,24.2634275281108,24.33813594074315,24.4109457668974,24.4809182702531,24.54765053359145,24.61168377298965,24.6745041047298,24.7361179146659,24.79619157173685,24.855881636025202,24.91510328746385,24.9740935048767
99,Liberia,BMI,23.06905614255195,23.146675634003053,23.230920760725,23.3195633085048,23.4096292366809,23.49822467792705,23.583997171263,23.6659488983269,23.743227842129052,23.81419712221015,23.8783717144918,23.936741545867598,23.98928875182175,24.0388025663893,24.0883020334662,24.137290516434902,24.185912408396803
100,Libya,BMI,27.19390960102165,27.264041964063,27.332395074971103,27.39875336489945,27.46337682485155,27.526008488855602,27.5877240264551,27.650886865598352,27.71815596745375,27.78799056549945,27.85927539197445,27.93206215079065,28.0061023216656,28.08107078930575,28.15683323495785,28.2331698462893,28.309456815714398
101,Lithuania,BMI,26.15009056327705,26.1802207023748,26.21428153502445,26.2512595471044,26.2891073966929,26.3265215380692,26.363077412943802,26.3982607536846,26.43093069438915,26.46085020970445,26.4882354052342,26.5142148145101,26.5392560161986,26.56409395827075,26.588999073269548,26.61367436066915,26.6387652995922
102,Luxembourg,BMI,25.7355946593354,25.8037928419361,25.870773173969,25.936232108990502,25.99979040542025,26.0607392459204,26.11861114640555,26.17266579754525,26.222362364762148,26.2681892415199,26.309275324229,26.3463239468799,26.37986348684445,26.411425956112602,26.44168484536045,26.4711623196167,26.4998838287464
103,Macedonia (TFYR),BMI,25.797923831447,25.854545498499853,25.9136773407614,25.97516124286675,26.03890707256435,26.1048867216885,26.173553366074252,26.2441231917181,26.315781931341952,26.3880006754158,26.460723554291448,26.535188606618348,26.61192418349915,26.690960534038197,26.772275869225098,26.855532061688002,26.94050726879945
104,Madagascar,BMI,20.6709470423043,20.72120579396035,20.76925820598015,20.8152739214313,20.859481758947197,20.90115522916265,20.942982086755002,20.98448188657565,21.02569485828905,21.0663178353075,21.107111866700002,21.148875708115,21.191371619612752,21.23410444606925,21.277201703529798,21.3196553749899,21.361171604920052
105,Malawi,BMI,21.76194871664945,21.8494847810168,21.934429676902703,22.01683612196955,22.09675529177255,22.1736828456842,22.248282456079203,22.32056292322455,22.390620523462253,22.45844642428365,22.52481195624855,22.5914953512808,22.658703351622,22.72660079751995,22.795068032102748,22.86336660003555,22.93172830106245
106,Malaysia,BMI,23.9511794567711,24.080230598541398,24.2069848482885,24.33125149776665,24.45328669494915,24.57371327774015,24.6927046331983,24.8103507158942,24.92668058852555,25.042310190659002,25.157822474169848,25.273859275913352,25.39028890433365,25.50644509173025,25.622605730604498,25.7383866848199,25.85245531830565
107,Maldives,BMI,23.37225102152175,23.49230816105245,23.6187475251374,23.75025037645715,23.88675666106215,24.027746439490848,24.17277657426565,24.320755370544802,24.47134850138035,24.623764579093198,24.7776523117401,24.932571116880553,25.08766879549605,25.24203258257565,25.395841656803697,25.5488574825078,25.6999626691318
108,Mali,BMI,21.5731966580625,21.69787972562905,21.82205242794045,21.94474841477765,22.064006410232,22.1781633920093,22.2874225428995,22.390793931726,22.48772861280245,22.577812984597998,22.6612018443694,22.7394446224097,22.813111106147552,22.884048519422798,22.95416828070735,23.02313073639315,23.0910667323559
109,Malta,BMI,27.098916003441047,27.14181950859395,27.1822814956215,27.21977597670525,27.253491315308047,27.28269796905255,27.30682077683835,27.325610811464102,27.33856655262835,27.34529586163345,27.34548853127025,27.340189167265898,27.330405905206398,27.318160451492602,27.304491999448402,27.2903012345335,27.27586642306065
110,Marshall Islands,BMI,29.30596363857525,29.344925056216702,29.381709475998647,29.4172733972389,29.452091190977953,29.48566275876885,29.5185642708222,29.5518433198653,29.58556385039035,29.6200257563802,29.6547481165654,29.68998484621305,29.72575360903335,29.76206653013145,29.7988919533289,29.8357131573714,29.87237466447355
111,Mauritania,BMI,23.7749949983599,23.88984312204455,24.00228013899735,24.11180397065245,24.21718620934,24.317182924715198,24.41150742344825,24.49969310890065,24.58152587962635,24.656494354374303,24.72503824022325,24.78799004834585,24.84611024496365,24.9014841020654,24.9559946479908,25.00959682488385,25.0617503208681
112,Mauritius,BMI,24.591919392646197,24.65355517497315,24.7122369337495,24.76846762012615,24.8224302451566,24.87307535509005,24.92151872942025,24.968148773600902,25.0129574956355,25.056011863916403,25.09846464559105,25.1417451484215,25.18581184774515,25.23057141322265,25.27621924472445,25.322260645637748,25.3685529906787
113,Mexico,BMI,26.84847916140365,26.950354041601152,27.04655264538055,27.1369914115961,27.2224206014266,27.3033994198765,27.3806909060462,27.45490558894535,27.52781702348325,27.59986392959545,27.67234057248345,27.7461048659776,27.820320556657,27.8942537206772,27.96789783605875,28.04098016055845,28.113935045784153
114,Micronesia (Federated States of),BMI,28.9720493423604,29.02210285392045,29.072629497293647,29.12419845030545,29.1774026084628,29.2320355357176,29.2882509136685,29.34662203517675,29.407552824001797,29.4706670980246,29.5346330034514,29.599557585941753,29.6655619119107,29.732279684270452,29.79969744108235,29.86776059506755,29.93624972635525
115,Moldova,BMI,26.0102882710983,26.091311631736453,26.1742741429759,26.25816265967745,26.341461103460198,26.4231009106636,26.502222635701848,26.5787276575724,26.651819664683252,26.72144182119525,26.78791553137565,26.85339010081225,26.91832892851645,26.98361178382025,27.04935762660315,27.115489071217247,27.18261623228695
116,Mongolia,BMI,24.4454730818129,24.532794756799653,24.62820965163325,24.731043854376,24.84098580306415,24.95763097543615,25.080165067897,25.207621446906202,25.33979767935075,25.474485904370198,25.61015196366295,25.745959452495647,25.88117099144025,26.0153414699424,26.14855159722965,26.280441118422402,26.41042343847705
117,Montenegro,BMI,25.4069795243297,25.4981797867815,25.5898365657833,25.68142302585415,25.7730309077865,25.86429043677355,25.9523118885876,26.0374172546816,26.11959977351965,26.198604847803452,26.2750384644034,26.3504622859102,26.42581852616175,26.5019737208161,26.57925254811125,26.65757654339305,26.73666533450795
118,Morocco,BMI,24.7359833658519,24.8228077523321,24.90687385922545,24.98869352187145,25.068863278468548,25.1471873526841,25.22581600797045,25.3067924983579,25.392172426429298,25.480706094061752,25.571028113590152,25.662666360028602,25.755288435740297,25.84837915493255,25.941784819346502,26.0350853323273,26.12764245710595
119,Mozambique,BMI,21.5617262041178,21.64606086890215,21.72807560988565,21.80813883147065,21.8863894904662,21.9623196997962,22.0373766042135,22.1115075103298,22.1845792308199,22.25666099808625,22.3285627921542,22.401942103939348,22.4769307131873,22.5529106564382,22.62976721032865,22.70652879359725,22.783243283831702
120,Myanmar,BMI,21.382312129046753,21.45746899109875,21.5335558897519,21.60998679088325,21.68714657619335,21.765143099827,21.84496835014055,21.9266400644874,22.0102029367772,22.095844845270598,22.18319705969525,22.2735151657364,22.36614298076375,22.4598847936433,22.5545122129427,22.649235653000652,22.74365674140045
121,Namibia,BMI,22.9669426770638,23.057136222036497,23.14884052379145,23.24164402012145,23.3346406123784,23.42662120576805,23.51756616056425,23.6067967100295,23.69335963909485,23.7759987406666,23.85526774244895,23.932494019774502,24.008307424307148,24.0827594303077,24.156624906555948,24.229621134324752,24.30107650238265
122,Nauru,BMI,33.64008188262215,33.57915543960695,33.51440134568505,33.447485811041844,33.37898694893155,33.30965099035435,33.24035582896945,33.1725014772514,33.1061016789374,33.041313585254045,32.9775787684993,32.915115215258695,32.85370397696345,32.79304241206535,32.733037804088,32.67365952968625,32.6146087747979
123,Nepal,BMI,20.715823006881948,20.8379107414024,20.95843385222405,21.0766930874854,21.19205098677505,21.30511072774635,21.41647509542555,21.52802417107625,21.640405291978247,21.7547349362892,21.8703750871949,21.9876470721565,22.1063948598935,22.22649192639885,22.3465403775071,22.46633597112665,22.58615129580835
124,Netherlands,BMI,25.123608053045402,25.1956896500582,25.26455792845085,25.32984150413915,25.3913345357178,25.44809525906745,25.49880234638185,25.54312615843625,25.580901148893,25.61281104532775,25.6382882420037,25.65717270044885,25.67077378041295,25.680898597027053,25.68883268039305,25.69507971817865,25.69929458339935
125,New Zealand,BMI,26.7785894268994,26.89801903549725,27.01390912828225,27.12579324560015,27.233264073884698,27.33600085830775,27.43363736181055,27.52675309177215,27.61503798594285,27.6989392481461,27.77764853163125,27.8518288803937,27.92282270127415,27.9924228511377,28.06140454629415,28.130661569723898,28.2004010231223
126,Nicaragua,BMI,25.931069388523902,26.03845208560665,26.142130033260102,26.24221772158445,26.33914919616595,26.4330285595695,26.524608115659348,26.614301770909698,26.7031246553019,26.79147481467305,26.8796902760519,26.968104217707953,27.0565853366103,27.1447194680931,27.232592955091647,27.319994861451548,27.40725507019885
127,Niger,BMI,20.8122270042032,20.902325060003598,20.99199645573665,21.0804644808263,21.1662478928972,21.248052656327353,21.3267480841829,21.4015014425256,21.4718546481932,21.5371572411895,21.597633118071798,21.654732634271703,21.7088342299812,21.7614304613461,21.81435388487975,21.8674693515813,21.920864151681002
128,Nigeria,BMI,22.38241389217285,22.464273982224498,22.546260400248947,22.62745185319605,22.706421344410302,22.78170061295115,22.85343277556335,22.92104886835305,22.98395645946325,23.04141320978735,23.09340779768545,23.1407410112258,23.18395337611055,23.22461498594745,23.26440436514695,23.3031804800491,23.34048006809515
129,Niue,BMI,31.30680603513875,31.3848589776882,31.46114899665905,31.5365082582825,31.61104597538365,31.684468149534098,31.758541060642,31.83415478632295,31.911261287975048,31.9897978979156,32.0687941157516,32.14845609577625,32.2286440528905,32.30918735925485,32.38969060199025,32.46989675150175,32.54919571975225
130,North Korea,BMI,23.081114711897648,23.13267596135715,23.18648776475715,23.242746743666352,23.301768699363798,23.363346381809748,23.428423899928852,23.49674647806405,23.56740457130445,23.64060689617955,23.71576197059325,23.7937138353389,23.8746988170522,23.95830309658055,24.0437276523353,24.13079620708045,24.2191505285196
131,Norway,BMI,25.76888986951775,25.858077930367052,25.94529476234515,26.030590803166,26.113509570451548,26.193419789742798,26.2702027613511,26.34340576038325,26.4121730778224,26.4770118219188,26.53756486066935,26.59431972374375,26.647970880871547,26.7000399887215,26.7510840944814,26.8016447029989,26.85184342128225
132,Occupied Palestinian Territory,BMI,27.58719242922455,27.6883517522063,27.7866134544859,27.8820603988477,27.975184999012598,28.0657857507317,28.155097648079902,28.245464582394398,28.3394347129843,28.43581651932935,28.53333066733245,28.631779877842447,28.73130979847305,28.83131779300595,28.9318913499054,29.03272328521775,29.133447078925848
133,Oman,BMI,25.6677840962748,25.71243960809915,25.7540092335501,25.7931755527489,25.831343261158402,25.868609687225153,25.909063776666898,25.954376623474097,26.0058886133968,26.06203087798875,26.12084274342255,26.181125229337198,26.24261470376705,26.3047286511623,26.367413686615052,26.42983033740945,26.49140232662045
134,Pakistan,BMI,22.5865369215941,22.697782456457098,22.80681353149215,22.9127010599272,23.0145039316252,23.111962777611353,23.20554418871125,23.2966694028624,23.38624411762335,23.4752081015969,23.5638930374278,23.65322197466555,23.74404989368655,23.835869462071,23.92799517987155,24.020202121140052,24.112308813594403
135,Palau,BMI,29.5158931563805,29.5199101962066,29.52791345642165,29.5396597074062,29.5548656589619,29.572618475458953,29.5901434138071,29.6078139817518,29.6251545077987,29.6416002927857,29.65610510824185,29.666618764166003,29.673542134642,29.6777373866095,29.6798570183432,29.6799904729186,29.6770812963061
136,Panama,BMI,25.6975917233083,25.8106548757202,25.91681476753835,26.01671202995615,26.1113264424853,26.2011973080049,26.2872667512624,26.370293630366,26.451337135293898,26.531411740076003,26.6111284008163,26.6909643329752,26.77098593205945,26.85064236871475,26.93023747242255,27.00969274900175,27.08866278008595
137,Papua New Guinea,BMI,24.110350996293548,24.21151902727445,24.31243318165555,24.412520173851398,24.5120675740514,24.61068504382775,24.70788914547745,24.8047043516893,24.90135439762555,24.997932118293498,25.09489693264775,25.19328183055365,25.29320127430085,25.394527067702697,25.497032151597,25.60005210390745,25.70374368938665
138,Paraguay,BMI,25.06279126116965,25.1749150937898,25.28615204354685,25.397368257630752,25.50905365711555,25.62164873960445,25.73448993507545,25.84826531134415,25.96301471742025,26.0789213324595,26.1963093633725,26.3155043952415,26.435435258225603,26.5559768942779,26.676938491518598,26.79782908875325,26.91897383871085
139,Peru,BMI,25.1514632548594,25.2401633827632,25.3294232117422,25.419797186574,25.512174722208698,25.6066116371261,25.70445285485135,25.805883630530552,25.911042527558948,26.01984166647015,26.13147789547635,26.24526197655065,26.36040451718935,26.476298683648402,26.59227639336115,26.7077602042204,26.8222979748255
140,Philippines,BMI,22.30348906028575,22.3588516991741,22.412722703993353,22.464944125943248,22.51615421064525,22.567339479529,22.619315698052347,22.6725765624091,22.727346899159897,22.7840334865501,22.84273595436325,22.905012805290248,22.9704151906786,23.0379622870063,23.107681540920098,23.1787504871556,23.25139575199745
141,Poland,BMI,25.562891163073203,25.61861831751995,25.6804201141735,25.74784667802325,25.8205592483637,25.897621599908497,25.9782621146517,26.0617981826117,26.147145131984402,26.23351628480865,26.320564085018702,26.409585271879,26.50099405216455,26.5954426347948,26.6929392015587,26.79289533960945,26.894793758099752
142,Portugal,BMI,25.652229971801802,25.713663587364,25.769890782196647,25.8200424310184,25.862973982819,25.89743681688485,25.9233622086076,25.94060934638935,25.9489147102998,25.94794280068025,25.93810121717835,25.920719756529003,25.89802037495695,25.872178438229902,25.8446570710708,25.81627279919065,25.78717430545605
143,Puerto Rico,BMI,27.44773946262125,27.524099924367,27.598332343374402,27.67063960264455,27.7412967866316,27.810491777981248,27.87871070799635,27.9464715381227,28.0142747842132,28.082091876238,28.150424735275898,28.219679581880598,28.289271900581852,28.35920219053025,28.429306498746698,28.49986101719265,28.570823823203348
144,Qatar,BMI,28.116432602619447,28.205635696882453,28.29359377093715,28.3806212959805,28.46738249334025,28.5537271838926,28.641141288784702,28.73206286508715,28.82839169939775,28.92873477511375,29.0314295186469,29.135156953668698,29.23928505574335,29.343337260911298,29.447680753940098,29.55181006290215,29.6555485016446
145,Romania,BMI,25.0673487040778,25.1649618352727,25.2696884931429,25.3808849589134,25.49797065474235,25.62001987242705,25.7471004557419,25.87822214642395,26.01239156387345,26.148838305556353,26.28699646291995,26.42782890034275,26.5719233820833,26.71950765727435,26.870224066352648,27.02321753807255,27.17763942780395
146,Russian Federation,BMI,25.8407821332151,25.8855468463296,25.9324717215452,25.98045678522045,26.027420069631702,26.07193116993205,26.11306875812495,26.15067355129155,26.1834828303212,26.211281317970347,26.234427444465,26.2548197934672,26.2733213968972,26.291000361320002,26.3079286497683,26.32395914742675,26.34025590941625
147,Rwanda,BMI,20.85383192098915,20.947524871558848,21.0373296127484,21.12376510556585,21.20672811072885,21.28560056224375,21.36183973225295,21.434970600181998,21.5055291837523,21.5734592810102,21.6395269214822,21.70538469856575,21.7705778481406,21.8345361125203,21.89753601275655,21.9590473394668,22.01895791050355
148,Saint Kitts and Nevis,BMI,27.56726922455615,27.69749588590415,27.8273745868463,27.9567614475595,28.0854431257284,28.21332582485205,28.34116131136,28.469040767568252,28.596637967229448,28.72408300596085,28.8519755393787,28.9812191083272,29.1108405434084,29.2409729599363,29.37139160748865,29.50227658232595,29.633848735346547
149,Saint Lucia,BMI,26.992557081300752,27.185732340014248,27.377381955974748,27.5678911922156,27.75792202067955,27.948048493396698,28.1390198389191,28.33134190373615,28.52554029073325,28.7214052296548,28.9195430260496,29.12451700798345,29.3342018422517,29.547805441433297,29.7647324960375,29.984386285492548,30.2066397791991
150,Saint Vincent and the Grenadines,BMI,25.623362159091947,25.741753664925398,25.858937089682748,25.97507804954185,26.09005127435455,26.204077831614853,26.31750710960145,26.4300737698885,26.542344914545353,26.654390970658298,26.7663519792862,26.878655513412248,26.9905687459005,27.1022468842241,27.2134758429984,27.3241757370006,27.434722337252403
151,Samoa,BMI,30.71525281691645,30.830893920433848,30.943766961010347,31.05469995122715,31.164277127157803,31.27269956058235,31.38019604551925,31.4877212866398,31.59565325053,31.704623064360753,31.813732750480597,31.923654265497447,32.0342845301737,32.14570035899005,32.25790706754295,32.37090144359945,32.48486638544005
152,Sao Tome and Principe,BMI,23.5115876064362,23.63237408397365,23.7507603102083,23.866216587371902,23.97732642492905,24.08309852056415,24.182987053518502,24.27660738875725,24.363401130096847,24.4430061627385,24.5158529215628,24.5828224172205,24.64458045211715,24.70321270897185,24.7603952462551,24.81626197638225,24.8702317258533
153,Saudi Arabia,BMI,27.869926958715098,27.93307062705835,27.993321545937,28.050859395234703,28.1061382287929,28.1589671617278,28.21074383121815,28.263920226973703,28.321147287638702,28.3810634604855,28.4424200094779,28.5046862697165,28.56770431014275,28.630979825122303,28.6948356392913,28.75891003410145,28.8230579111423
154,Senegal,BMI,22.154067103101198,22.236223387676752,22.3166050013437,22.39431956998225,22.46811291643695,22.5367649616969,22.60102210396175,22.660372026871002,22.71390563491355,22.761565133910203,22.80390233486885,22.8428827007843,22.8787392396698,22.913315516137303,22.94826602168945,22.9832047482958,23.0185187317695
155,Serbia,BMI,25.40791917584485,25.45764916529685,25.509086032610497,25.5618255472151,25.61594626186035,25.67100866917515,25.726271169714202,25.781372058296498,25.835649945637748,25.8889367030886,25.941148913195498,25.99321206243405,26.0455000104373,26.09844941346535,26.152575159679103,26.20783606152365,26.2639795586798
156,Seychelles,BMI,25.551255449510798,25.64834007030145,25.7443378876556,25.8391224005813,25.9322994478331,26.0224376688438,26.1107286021859,26.197159043060502,26.28213684112925,26.36584127958925,26.44907140795645,26.533086450472,26.617787826196903,26.70309538523255,26.78888198313005,26.874383735567747,26.9593172855918
157,Sierra Leone,BMI,22.057676823075397,22.1347291305099,22.2094329536472,22.28094504113115,22.34816204312505,22.409761868131852,22.4658336272166,22.5159778633824,22.55955436355925,22.59584780984305,22.625283081818452,22.65012078627265,22.670908750032602,22.6899514269155,22.7091688252663,22.7283282501629,22.74743582964495
158,Singapore,BMI,23.56850978777335,23.5792021265218,23.58959564872505,23.599300972981652,23.60884089588805,23.61829662947525,23.62780966265685,23.638168275642848,23.64952796946165,23.66200095873355,23.6751807362035,23.68928829913035,23.70477950940785,23.720866845181853,23.737563581919602,23.754837795561798,23.7724191880126
159,Slovakia,BMI,25.65854840053335,25.7011797827046,25.747241849675852,25.796875189755248,25.8501305406098,25.906525618903352,25.96543172228985,26.026486590294752,26.08901901197655,26.1526935432295,26.2170259818581,26.28272315348935,26.3500499000322,26.41902223121435,26.49014292242565,26.5628790674012,26.637453555331398
160,Slovenia,BMI,25.5271324317001,25.592898904034747,25.6614833359893,25.7324527171725,25.80579348938295,25.8809950236858,25.95748279962055,26.0347288971893,26.112019988772452,26.1892052282366,26.266292098857903,26.34449895622005,26.42436452421435,26.5059379899197,26.58940779929845,26.6745743817462,26.76132177209095
161,Solomon Islands,BMI,25.0108871012077,25.101332732977447,25.1910953062932,25.27973932677375,25.3676725343002,25.45444381934655,25.53990896360325,25.6247623632922,25.70961426135305,25.7950890879738,25.88173576664315,25.97117721232975,26.06333561915865,26.157458824127147,26.2526028107431,26.3480530540193,26.4433867547636
162,Somalia,BMI,22.1466224308678,22.227118675907498,22.3060902885231,22.383470618162548,22.45905651761685,22.531888847003152,22.60279906614145,22.67164326238285,22.73867660397735,22.803741219961303,22.867883200022902,22.9324587645764,22.99751033328365,23.0627164920512,23.12830595037505,23.1933443036301,23.25761797431785
163,South Korea,BMI,23.1562296399915,23.2090255901191,23.25962169234235,23.3077724664561,23.353542514362402,23.39675123987245,23.4366582690471,23.4741734961723,23.510474393720898,23.546080377173197,23.5814494876047,23.617651459292702,23.6550225385376,23.6937036667822,23.73331012240115,23.7737204279639,23.8144005511679
164,Spain,BMI,26.2433485196953,26.2787381012875,26.3094002729362,26.33500559390995,26.35444250969845,26.36695010869235,26.3720073551786,26.36923646674975,26.3584630225673,26.3389625317003,26.31072315378055,26.2749468766792,26.23335990448345,26.188375573896,26.141661904273548,26.093963045391448,26.046338298029198
165,Sri Lanka,BMI,21.6009556918286,21.6886107438053,21.777897315750153,21.86848958215335,21.960937695412852,22.0556370854803,22.1524770398509,22.2509903802056,22.351390950571698,22.45413782890435,22.55922727642215,22.6675234478828,22.7787736371263,22.8915720753834,23.005940140393697,23.1212520368956,23.2373673913594
166,Sudan,BMI,23.56924458538245,23.65550416298505,23.7383043270552,23.8179527675327,23.89498998641935,23.968448085291648,24.03970618752415,24.10870979849755,24.175721927451548,24.24096516522815,24.3052143709419,24.370317688251298,24.4363824291256,24.503266924761498,24.57111468149575,24.6389506411534,24.70708331554505
167,Suriname,BMI,25.5516236526712,25.631016734407652,25.709309539175052,25.7863335737366,25.862142483965698,25.9367988937766,26.0097208130787,26.0811478626956,26.15153498336495,26.22103836829625,26.290261292794952,26.3598946764699,26.42937974436625,26.4987726329046,26.56802321293175,26.637525158137898,26.707516470199998
168,Swaziland,BMI,25.4478038951227,25.542065196352297,25.63688184879245,25.732628731636602,25.8288847771429,25.9245596422189,26.0199406424318,26.11396523731505,26.2058159290617,26.29480388074775,26.3817273178635,26.46823025921605,26.55481412248365,26.64151442468245,26.7290492883197,26.817185723199948,26.90592050148695
169,Sweden,BMI,25.243255236763098,25.3224935618763,25.39852298718905,25.4712648610014,25.54083136847705,25.6072589410287,25.67118061988175,25.7322245503997,25.79004271360145,25.844938571944,25.89606940277565,25.9437656337444,25.98886401919905,26.0326088310527,26.075617857612997,26.11867807607495,26.16200525269545
170,Switzerland,BMI,24.9496172931354,24.9813410402793,25.01307356827605,25.0447057682823,25.07614454267025,25.10694622511065,25.137189893093748,25.166077016891002,25.192615775358803,25.2167411972565,25.23738874204355,25.25524945755545,25.270813320186953,25.28504977150785,25.2987430853141,25.3122135033326,25.3262253691592
171,Syrian Arab Republic,BMI,27.08916924722325,27.18409096655705,27.276441307593352,27.365820610952852,27.4527989628831,27.53705746784425,27.619827338844402,27.70332002911745,27.790314292561902,27.87940312274985,27.96951728613095,28.060273775561498,28.151688571402502,28.24363321237975,28.3358533923994,28.4279670066313,28.5196155037224
172,Taiwan,BMI,23.2478867691662,23.29867362027085,23.3536959754558,23.4131237371741,23.4766421234772,23.5439728635218,23.6155540428271,23.69080155333065,23.7680985092424,23.847597051576003,23.9286122099356,24.0117333837922,24.0966408104013,24.1830803490375,24.270662035509098,24.359131501719602,24.44754713343725
173,Tajikistan,BMI,24.234298321868252,24.3297147320723,24.4302225688632,24.53550738580845,24.64559264665455,24.76021326025775,24.87969411465925,25.00374937525575,25.1325785618626,25.2651502012166,25.400266042640247,25.538015045327548,25.677938609505098,25.819612030643903,25.96291095724235,26.10706363601145,26.25203653954315
174,Tanzania,BMI,22.139658441567953,22.2192379319565,22.297287177881948,22.3734444461952,22.4475975952947,22.519262746928298,22.590423660785,22.660549178882547,22.7297556957111,22.7978945902069,22.865546035718403,22.9341679887346,23.00339799612095,23.073145940803748,23.1432335044556,23.21252448174915,23.28070329106705
175,Thailand,BMI,22.954911244045,23.0351020302165,23.119245107567053,23.20693882722655,23.2981004123003,23.39266010479835,23.4909834945252,23.592058725631148,23.6954771749001,23.80113331902405,23.9079939567476,24.01623848242015,24.1252923411263,24.2341602911999,24.34273074246035,24.45035067836205,24.555751373823398
176,Timor-Leste,BMI,19.917177052347398,19.99082180973,20.065686901298598,20.1413613163906,20.21835655553505,20.29724022092825,20.379677742501748,20.4653463290554,20.55419696645105,20.64656201719025,20.741940564071548,20.84164771208415,20.944414630856052,21.04851611750015,21.15369511653485,21.2592576907272,21.36442325489235
177,Togo,BMI,22.02748793881745,22.1502981498015,22.27269169813,22.3937131621205,22.51216039522665,22.6264812252006,22.736691904115553,22.8423127958361,22.94278053871095,23.03786572918755,23.1276975762799,23.2133393534847,23.2955052019963,23.3760326050836,23.456356608152248,23.5362590208718,23.61542785461755
178,Tokelau,BMI,31.58554604723095,31.68173455176305,31.77491882175065,31.86553675918395,31.95434299709265,32.04104516727505,32.126075213910255,32.21039465582145,32.29492770946185,32.37962702816,32.46434864536115,32.54954359641445,32.63538669411735,32.7214657926269,32.808229492706104,32.8953433324391,32.98276988418525
179,Tonga,BMI,31.44226499940985,31.50906660711655,31.572159722506,31.6324598173723,31.69045949506085,31.74584799726805,31.79959265639485,31.85304113496175,31.90710561189635,31.96241120384845,32.018200049423,32.074736866547596,32.13191454875945,32.1898644149847,32.24832902317785,32.307160622473305,32.36600662125795
180,Tunisia,BMI,25.280736758035303,25.3652750684411,25.4468239903869,25.525345270204298,25.60132419362335,25.6746016581459,25.745385361143903,25.816373445733753,25.89001591231035,25.96548882978255,26.0420863585993,26.119645030612098,26.198181525766252,26.27738025552985,26.35712193930965,26.4369226305706,26.51697435813015
181,Turkey,BMI,26.881173786349997,26.9723051347429,27.06093258048555,27.14633021266195,27.22790882214,27.3041611725132,27.37656030065375,27.447655221148203,27.52080725773165,27.594831902779653,27.668675430607998,27.7422442335644,27.81597781000895,27.88959695869235,27.96322820941385,28.0362879429274,28.1082672149238
182,Turkmenistan,BMI,24.8630167292786,24.964190975359003,25.067659287290198,25.17311791920845,25.2808454774947,25.39086792608105,25.5036558911857,25.619485940285152,25.73874751649775,25.86055284920395,25.98391608107775,26.108883132844348,26.2347911727689,26.3616123649616,26.4888507130116,26.61598558709805,26.74329727638385
183,Tuvalu,BMI,30.06697230851185,30.13089806512115,30.192861458207453,30.253311624945148,30.31279526806325,30.37115810185265,30.43049243310365,30.4910512322884,30.5529874713427,30.6160349184869,30.6792490183472,30.74260790114775,30.80573859240055,30.8687003604211,30.93112902722505,30.9926267405955,31.05227020687855
184,Uganda,BMI,21.1482161400948,21.2312816644395,21.3138126401688,21.396030576477052,21.4779521720304,21.55858645730315,21.6392302032474,21.7201283653363,21.80117958773095,21.88205941135965,21.96366737033345,22.0471573403529,22.1322716066589,22.21845987908885,22.305407988486053,22.391993784738553,22.4780227410671
185,Ukraine,BMI,25.8162366485462,25.88143097933815,25.94908676157185,26.0184380412594,26.08754965075005,26.15501678421045,26.22012024725895,26.28262697701475,26.3419549498192,26.3975602314073,26.44984760255945,26.5002404647196,26.5495026619268,26.598744398997,26.64805885132255,26.69720546992355,26.74650878283435
186,United Arab Emirates,BMI,27.74442181705495,27.82200352691865,27.8977296041352,27.9714540831974,28.04327164437245,28.11278100208665,28.1804089991469,28.248675101833,28.3198829612237,28.39303645033815,28.4670185598848,28.541103928630648,28.61544435759035,28.689886137881402,28.764479850989147,28.839012163796447,28.913083349814897
187,United Kingdom,BMI,26.40329920408125,26.506632801886248,26.603969334960553,26.69463494175485,26.7783020150949,26.85459560689,26.9240274898368,26.98675839749065,27.0428949251546,27.0928885373227,27.13593571466745,27.17210585698695,27.203417697919697,27.23200707918785,27.25930453398975,27.2865169392419,27.313481201704548
188,United States of America,BMI,27.67170564190755,27.7985961733144,27.920221263152,28.03594903457735,28.1458412860404,28.24981102131675,28.3483440986142,28.441321632586103,28.528349925555197,28.6090212111785,28.68219826025895,28.7483376351015,28.8093657776659,28.8681981511823,28.92607382201185,28.9839143851291,29.04196305757015
189,Uruguay,BMI,25.996599747490052,26.07614937534375,26.15700831929875,26.24002897944085,26.3254836963483,26.41376544359305,26.5048947216166,26.5991170979294,26.69610933545335,26.79621578576155,26.89904843562165,27.00413059634655,27.11066393614305,27.218243598631,27.32675969351505,27.435467835000097,27.54397722217025
190,Uzbekistan,BMI,24.9198647900879,25.0298594082554,25.1432288310196,25.26001648107865,25.38053533102195,25.504642941682,25.6326125281521,25.76428417300135,25.9003519674949,26.03961691088245,26.181247327815903,26.325874512252547,26.47260224009065,26.6212381190694,26.771268633509052,26.9217644478286,27.07319366207425
191,Vanuatu,BMI,25.56514712646615,25.6305845903347,25.6923053884696,25.7502371562882,25.804728304359948,25.85529592852655,25.902285362247,25.94675536099,25.9895379752073,26.0312591938699,26.0724612561378,26.11451299816075,26.15790032762545,26.2023101077686,26.247400073968002,26.2926646949444,26.3381101192387
192,Venezuela,BMI,26.35603249230255,26.4152628838204,26.46834142570945,26.515217615296002,26.55681902773425,26.592967600258,26.6242341616896,26.6511951432473,26.6748429499621,26.69642381329755,26.716566892647798,26.73634411395755,26.755201531526552,26.7732469895333,26.7907640378689,26.8078042477581,26.8247205189211
193,Viet Nam,BMI,19.96539752078515,20.057520333647652,20.1536662727791,20.253726958271,20.35833614621535,20.46788625914325,20.582731436696953,20.70250200175105,20.82728247326245,20.95668158969325,21.09039382272575,21.22937360705295,21.37211449973545,21.51671824440745,21.662940491175398,21.80951486848845,21.95556087149035
194,Yemen,BMI,22.4544347278907,22.555124715495353,22.65283086685385,22.747604359038,22.83961378474115,22.92878687946115,23.0163091568238,23.1042969086431,23.19557781492975,23.289179574863553,23.3841896258937,23.4799151201272,23.5762139569852,23.67248662571565,23.76925573029625,23.8659636737418,23.962202816304952
195,Zambia,BMI,21.5968203908984,21.6508295728705,21.70892843428185,21.77079894394635,21.83546582408615,21.9011709152623,21.96822315474485,22.03584125598205,22.10348236112395,22.17044898412395,22.2369887585671,22.304065680195798,22.3714713362482,22.439159221125202,22.50693384382285,22.574290598645348,22.6410043674903
196,Zimbabwe,BMI,23.314494882794,23.3518514306296,23.38874919133535,23.42576696260925,23.46334270034005,23.501212214685452,23.53812835565205,23.5740177214553,23.6083401260986,23.640148499648753,23.670730960605603,23.7016569962214,23.732930325253648,23.76472961484515,23.79766085740755,23.83146552075855,23.86642037895315
