series,2000,2001,2002,2003,2004,2005,2006,2007,2008,2009,2010,2011,2012,2013,2014,2015,2016,2017,2018,2019,2020
Carbs (g/day),330.0792475728155,340.99038834951455,344.6529368932039,347.84516990291263,354.31504854368933,346.86063106796115,359.919854368932,378.5364563106796,383.7508495145631,386.3833495145631,402.7964077669903,401.5490533980583,396.94172330097086,405.0853155339805,408.74842233009707,413.6873786407767,403.63058252427186,421.34495145631064,409.74898058252427,402.0203155339806,403.18143203883494
Carbs (g/day),426.6516262135922,432.9421844660194,442.0247087378641,418.7806310679611,410.96796116504856,430.66400485436895,421.60152912621356,425.8528398058252,436.2390048543689,435.3533495145631,448.75446601941746,456.11466019417475,459.7711650485437,458.66990291262135,446.0708252427184,445.0710194174757,441.2570873786408,437.02575242718444,437.1641990291262,443.8195145631068,448.1713106796116
Carbs (g/day),480.07495145631066,487.0266990291262,504.11565533980576,522.9042961165048,519.379854368932,517.117718446602,524.5818689320389,527.4498786407767,529.0572330097087,545.6959466019417,521.2017718446601,523.6534223300971,537.7122572815533,534.245995145631,531.7161893203884,538.3227184466019,530.236213592233,526.1119660194174,546.416577669903,555.0086650485437,546.6288834951456
Carbs (g/day),264.94038834951454,271.541140776699,285.2740776699029,293.40092233009705,303.7956553398058,308.01235436893205,314.4951699029126,320.4433980582524,328.6881796116505,337.6389077669903,408.0898300970874,415.6419902912621,409.801067961165,422.1677184466019,412.2362378640776,407.020072815534,402.30997572815534,402.4542718446602,409.2433980582524,408.59830097087377,404.40252427184464
Carbs (g/day),300.0729368932039,289.7381796116505,284.0198058252427,282.8203155339806,291.4867233009709,318.78063106796117,313.22354368932037,326.0197572815534,320.30225728155335,306.40856796116503,293.84320388349516,298.34179611650484,297.50169902912626,305.89349514563105,316.00978155339806,316.1427184466019,322.7162621359223,327.75393203883493,332.78966019417476,333.3181067961165,339.65143203883497
Carbs (g/day),433.0869174757281,429.0122572815534,415.2943203883495,420.9597087378641,420.54055825242716,422.262427184466,420.72587378640776,419.6521601941747,420.6023786407767,415.5111165048544,440.4930825242718,434.0281553398058,422.2686165048543,432.98097087378636,427.99635922330094,434.03684466019416,425.74995145631067,430.9531310679612,432.50667475728153,423.7672572815534,431.1549029126213
Carbs (g/day),377.6053398058252,377.8547087378641,370.40563106796117,390.4131796116505,419.30055825242715,430.21075242718445,442.04708737864075,420.9197087378641,431.97308252427183,432.54160194174756,466.6459466019418,457.5465533980582,453.8068689320388,460.5471359223301,467.4296116504854,474.93288834951454,471.53492718446597,455.0084466019417,472.1312621359223,487.02606796116504,492.6815533980582
Carbs (g/day),347.9739563106796,353.00157766990293,362.9538592233009,365.46043689320385,354.6310194174757,356.5589805825242,358.01533980582525,363.7364077669903,371.92080097087376,370.17699029126214,391.98827669902914,379.3738106796116,388.57842233009706,395.020072815534,380.1630339805825,373.7902184466019,376.26446601941745,375.2146601941747,367.4420145631068,372.9835922330097,376.3501213592233
Carbs (g/day),454.59611650485436,450.6457766990291,447.1458980582524,447.5919902912621,438.943786407767,451.84558252427183,450.1281067961165,451.7076213592233,450.9191504854369,439.18953883495146,422.5520873786408,433.87344660194174,434.22235436893203,429.26317961165046,437.13123786407766,429.682281553398,427.6740291262136,430.1143932038835,431.0884708737864,415.27669902912623,397.6283495145631
Carbs (g/day),403.70106796116505,419.2682766990291,433.68910194174754,442.732427184466,453.1631553398058,494.3740048543689,531.4915048543689,536.08213592233,532.7960922330097,517.0153640776699,511.6379854368932,514.5401699029126,508.06208737864074,512.9408252427185,500.1182766990291,501.9758737864078,506.01529126213586,507.95092233009706,509.34885922330096,527.9542233009709,536.1771844660194
Carbs (g/day),347.92813106796115,342.65830097087377,335.35844660194175,342.9540048543689,341.66099514563103,342.13526699029126,337.55424757281554,333.0989563106796,328.4007038834951,323.5370631067961,296.11395631067955,325.96720873786404,312.8941019417476,318.8581553398058,317.90291262135923,314.8580097087378,330.8984223300971,331.50987864077666,319.6608980582524,316.25980582524267,308.02393203883497
Carbs (g/day),,,,,,,,,,,,,,,,,,,,501.4458252427184,525.1822815533981
Carbs (g/day),452.0694417475728,468.51300970873785,469.997427184466,473.39155339805825,476.6875970873786,472.4816747572815,468.93087378640774,479.52679611650484,476.31089805825246,479.6530825242718,470.74128640776695,476.59257281553397,477.10699029126215,472.2633252427184,470.9715291262136,481.6578640776699,468.31385922330094,478.26123786407766,492.1657281553398,480.2725970873786,480.46293689320385
Carbs (g/day),406.9993203883495,419.7869660194175,415.1458495145631,423.15735436893203,409.20808252427184,423.1189563106796,419.60716019417475,426.4838106796116,424.3580339805825,428.12837378640774,440.0193689320388,436.0471844660194,448.16165048543684,440.30679611650487,430.34521844660196,426.83662621359224,437.9857524271844,431.04378640776696,437.15512135922324,449.75604368932034,437.31441747572813
Carbs (g/day),419.546213592233,413.7374514563107,404.44487864077666,385.840072815534,399.8361650485437,402.6335194174757,404.1445145631068,415.00507281553394,418.14929611650484,417.43373786407767,395.00155339805826,399.2728883495146,415.69349514563106,425.27009708737864,414.2331067961165,404.13172330097086,408.5234223300971,403.62417475728154,407.36699029126214,405.3529854368932,407.2125485436893
Carbs (g/day),453.7802184466019,450.9058737864077,449.3163106796116,450.83516990291264,455.1375485436893,448.37898058252426,447.52813106796117,443.11531553398055,450.29368932038835,458.3526941747573,456.2335922330097,444.8824029126214,453.8614805825243,454.81674757281553,472.70728155339805,465.0211165048543,459.65009708737864,455.8299757281554,465.1639077669903,445.5303640776699,432.74820388349514
Carbs (g/day),433.4175970873786,446.5853883495146,440.1996116504854,438.7215048543689,441.32592233009706,440.1647572815534,436.06507281553394,440.74126213592234,424.9707281553398,429.6763349514563,433.1293203883495,426.219854368932,419.9334223300971,416.3153155339806,423.0543689320388,425.6045145631068,427.59026699029124,420.9239077669903,400.3347572815534,384.03264563106796,389.6227669902912
Carbs (g/day),394.493713592233,400.8866019417476,407.1365533980582,404.74436893203887,435.57330097087373,427.291213592233,446.71019417475725,464.97174757281556,445.22577669902915,461.5907766990291,466.58570388349517,471.77381067961164,470.14106796116505,470.0106067961165,472.7819902912621,466.30514563106794,470.76575242718445,477.98577669902915,476.4596844660194,470.25495145631066,474.2485436893204
Carbs (g/day),336.2558009708738,321.95179611650485,310.1108252427184,290.78546116504856,298.6453155339806,298.84533980582523,304.37699029126213,308.2974514563107,308.72485436893203,318.0358495145631,,,,,,,,,,,
Carbs (g/day),,,,,,,,,,,,,,,,,,,,572.0320388349514,575.6110679611651
Carbs (g/day),354.64881067961164,357.51985436893204,357.61999999999995,357.36786407766994,344.1397087378641,353.2683980582524,360.2252184466019,353.97604368932036,346.92427184466015,353.0728883495145,360.9560436893204,364.3890291262136,366.15648058252424,366.56179611650487,364.53502427184463,364.693567961165,376.5683737864078,370.63640776699026,376.4592718446602,379.0890048543689,382.4795388349515
Carbs (g/day),435.7000970873786,447.42201456310676,452.2774757281553,449.3748058252427,491.47211165048543,477.8320631067961,476.6584951456311,487.3887621359223,497.7261165048544,503.31480582524273,474.4363349514563,475.75495145631066,474.2305339805825,484.54524271844656,498.1221359223301,500.8833980582524,501.9672330097087,497.9266990291262,506.86657766990294,497.0396844660194,514.5103640776699
Carbs (g/day),339.60417475728156,355.1364320388349,346.8717961165048,348.8007281553398,347.1041747572815,338.5930097087379,342.7463834951456,339.12504854368933,338.14383495145626,328.4207281553398,343.7888106796117,339.98233009708736,342.6050970873786,353.0006796116505,366.751286407767,370.20072815533985,363.88953883495145,375.8985436893204,368.37958737864074,371.3532766990291,375.7633009708738
Carbs (g/day),401.02936893203884,404.5883009708738,408.81422330097087,433.9877427184466,435.29135922330096,441.1846359223301,437.9451699029126,435.5654854368932,440.4958252427184,438.7306067961165,452.50682038834947,448.22885922330096,437.2829368932039,436.7286650485437,438.81978155339806,423.4826941747573,420.6104368932039,422.7928398058252,424.32718446601945,410.58065533980584,413.8812621359223
Carbs (g/day),434.9647330097087,451.14936893203884,440.28240291262136,453.23580097087375,462.9854368932039,464.78861650485436,470.9150242718447,455.37509708737866,446.38483009708733,451.7902912621359,,,,,,,,,,,
Carbs (g/day),393.07720873786405,395.1459466019417,387.90953883495143,381.3764563106796,379.1609223300971,369.8414563106796,381.9328155339806,376.9558980582524,386.7353398058252,379.02145631067964,379.4279611650485,388.2906067961165,390.95186893203885,402.71606796116504,412.5844902912621,380.894927184466,393.88237864077666,394.51276699029125,380.13116504854366,359.1697815533981,349.5748058252427
Carbs (g/day),373.90033980582524,378.5299757281553,380.9859223300971,390.2529854368932,393.4238106796116,393.76196601941746,410.93674757281553,409.73499999999996,406.7569417475728,420.06458737864074,428.2376213592233,427.06696601941746,431.8534223300971,436.2962378640777,433.94519417475726,435.1482766990291,436.31342233009707,429.983786407767,434.34169902912623,414.83793689320385,416.42587378640775
Carbs (g/day),,,,,,,,,,,,,,,310.15902912621357,333.1215291262136,339.8780582524272,337.8490776699029,348.9671844660194,343.62657766990293,340.03050970873784
Carbs (g/day),403.4794417475728,410.4039077669903,431.6677669902912,429.33895631067963,433.6530339805825,437.3032766990291,440.7877184466019,442.5366262135922,447.4628640776699,449.56368932038833,477.45558252427185,488.5840291262136,490.48563106796115,489.775,491.9773786407767,498.0631067961165,494.7728398058252,499.2818689320388,517.6697330097088,531.1567961165049,537.6991019417475
Carbs (g/day),380.1055097087378,397.87800970873786,397.1115776699029,398.4842233009709,399.6088106796117,409.7108737864078,416.8972087378641,422.4114563106796,431.2204854368932,439.22449029126216,464.56111650485434,471.06456310679613,477.117354368932,480.5760436893204,472.85565533980576,474.99485436893207,472.7652184466019,472.53781553398056,480.90808252427183,492.78364077669903,490.1763834951456
Carbs (g/day),425.92766990291256,429.62126213592234,434.8885194174757,428.96703883495144,431.87859223300967,429.5643689320388,429.96815533980583,429.09490291262136,422.70502427184465,419.3892718446602,426.53131067961164,421.6888106796116,436.3462621359223,427.7594417475728,392.51495145631065,392.0266747572815,407.6966747572815,405.90980582524276,404.79305825242716,406.97114077669903,411.1800970873786
Carbs (g/day),348.8456310679611,356.09757281553397,349.47332524271843,371.0729854368932,385.68696601941747,385.84114077669904,377.52905339805824,383.0223300970873,372.8851213592233,373.28298543689317,381.7943932038835,389.01703883495145,392.5438106796117,387.6428155339806,384.5153883495146,379.96757281553397,383.55371359223295,382.38014563106793,393.0450970873786,402.6641262135922,389.8204611650486
Carbs (g/day),295.4011165048544,287.67774271844655,283.38286407766986,275.954927184466,273.7839077669903,284.3646844660194,282.25116504854367,284.43313106796114,288.0951213592233,292.14941747572817,298.8908737864077,303.9763834951456,301.26463592233006,263.7546601941748,258.7163349514563,257.96242718446604,261.88713592233006,258.8521116504854,258.7772087378641,250.69934466019416,243.62264563106794
Carbs (g/day),279.3966747572815,293.08317961165045,283.97131067961163,302.93817961165047,302.14366504854365,305.9444417475728,308.3258980582524,323.00337378640774,317.3782281553398,320.6100242718446,343.9660436893204,342.7605582524272,352.9471601941747,347.36160194174755,336.6353155339806,328.1710679611651,340.13745145631066,337.5074757281553,332.81521844660193,326.35055825242716,321.60111650485436
Carbs (g/day),432.68417475728154,438.5875,443.9101213592233,436.9553155339806,445.13808252427185,450.50529126213587,447.7961650485437,440.7023786407767,446.7917475728155,443.2230339805825,461.5209466019418,462.6514563106796,452.33172330097085,453.2004854368932,448.75111650485434,444.0405339805825,448.8511650485437,449.97075242718444,455.14276699029125,452.22900485436895,451.9527912621359
Carbs (g/day),878.3691747572816,882.5377912621359,880.5622330097087,871.9248300970874,876.5684708737865,876.3219174757282,864.5755097087379,868.1443446601942,883.8056310679611,877.6980339805825,917.5432524271845,927.4802427184466,935.533567961165,931.0936650485437,941.4547330097087,954.9777427184465,949.545922330097,958.7580582524272,956.2065533980583,963.7792961165048,968.2912864077671
Carbs (g/day),460.90058252427184,470.1973058252427,462.4026456310679,468.0688349514563,467.1686650485437,452.27563106796117,456.3310436893204,464.958713592233,463.4558737864078,449.85313106796116,431.5626699029126,432.47269417475724,444.5192718446602,458.0494660194175,457.75160194174754,468.8253155339806,471.98347087378636,448.65808252427183,457.12973300970873,457.4471116504854,448.21514563106797
Carbs (g/day),,,,,,,,,,,388.1214077669903,383.6529854368932,383.8550242718447,391.62657766990293,389.0432524271844,394.2657766990291,399.3431067961165,400.0056067961165,405.12327669902913,411.78288834951456,405.41997572815535
Carbs (g/day),368.9280582524272,369.8509708737864,373.3557524271844,369.9496116504854,375.0647572815534,344.3720145631068,348.22097087378637,349.30330097087375,351.76237864077666,352.7983980582524,346.9653155339806,335.7764320388349,351.69565533980585,365.8279611650485,381.31594660194173,373.3680825242718,355.38946601941745,360.3922330097087,364.4431796116505,350.9701941747573,352.0182281553398
Carbs (g/day),431.65555825242717,439.04834951456314,428.35660194174756,426.20550970873785,421.9089320388349,434.68747572815533,439.4931553398058,432.4960436893204,428.6256067961165,428.54910194174755,421.10618932038835,418.11208737864075,422.46560679611645,417.7017475728155,423.1163349514563,419.2351699029126,429.0504854368932,417.19509708737866,420.56143203883494,421.548640776699,420.8286893203883
Carbs (g/day),449.90398058252424,444.7991504854369,449.07208737864073,445.1167718446602,453.817354368932,457.1402184466019,458.23900485436894,457.23400485436895,453.3346601941748,441.9879611650485,488.7994660194175,503.40097087378643,495.63213592233006,497.75271844660193,491.33381067961164,507.3601213592233,514.6774757281553,522.2594660194175,527.7712378640776,530.1296116504855,539.366140776699
Carbs (g/day),372.7566019417476,408.7713834951456,412.18883495145633,424.4542475728155,415.97444174757277,408.9564563106796,412.69825242718446,402.374854368932,403.18536407766993,410.28881067961163,411.8373300970874,415.6758495145631,394.4782038834951,400.0549514563107,401.27808252427184,407.9407766990291,418.92288834951455,404.7973300970874,409.13582524271845,403.9786650485437,414.174854368932
Carbs (g/day),553.6005339805824,567.3185679611651,582.6117475728155,605.2899029126214,613.0090776699029,581.1114563106796,578.8880097087379,575.793640776699,543.9435922330097,563.7200485436894,564.7808737864077,579.1759708737864,581.2465533980583,580.2173786407767,585.236067961165,589.9525970873786,591.1488349514563,588.8167475728155,578.3472087378641,575.8331553398058,551.9137135922331
Carbs (g/day),325.07300970873786,315.72449029126216,324.04618932038835,323.26631067961165,319.82373786407766,302.4443203883495,288.36885922330094,313.48941747572815,309.39097087378644,298.57361650485433,384.0840776699029,387.9077669902913,391.27990291262137,389.5966504854369,385.6370145631068,400.48601941747575,387.44655339805826,380.1756067961165,391.4805097087378,377.44888349514565,375.49966019417474
Carbs (g/day),416.7234466019417,429.9771844660194,443.47490291262136,450.4564077669903,455.62699029126213,427.131213592233,401.42233009708735,405.7808980582524,402.70254854368926,410.194854368932,407.64138349514565,414.3079368932039,409.3256310679611,413.25543689320386,413.2982524271845,402.7313106796116,403.7353398058252,406.7411650485437,396.2432524271845,394.18553398058253,394.39388349514564
Carbs (g/day),,,,,,,,,,,428.62317961165047,432.37878640776694,423.2591019417476,418.15075242718444,427.4893932038835,419.13191747572813,412.8158495145631,420.8462378640777,417.50786407766986,416.36538834951455,409.3291262135922
Carbs (g/day),414.2715048543689,408.4592233009709,428.45162621359225,425.78106796116504,425.78201456310677,414.70012135922326,430.02155339805824,442.93640776699027,422.7766990291262,422.81456310679613,433.92859223300974,424.6573786407767,422.6279854368932,422.252427184466,422.72910194174756,418.5380097087379,414.72565533980577,420.86182038834954,411.05708737864074,406.1123786407767,412.32599514563105
Carbs (g/day),322.57050970873786,318.2585436893204,325.56067961165047,322.4890291262136,325.84002427184464,333.8246844660194,336.32002427184466,347.50560679611647,350.6730097087378,364.6767961165048,381.5936893203883,385.49868932038834,391.77388349514564,397.688567961165,406.1902427184466,417.1516990291262,420.98723300970875,421.8179126213592,426.0135194174757,439.2254368932039,431.52478155339804
Carbs (g/day),477.72878640776696,475.6514563106796,461.5205339805825,473.96453883495144,464.70582524271845,471.67109223300974,470.9085194174757,490.5028398058252,481.3464077669903,497.7323300970874,443.3851456310679,470.35,470.0214077669903,471.97201456310677,475.7008980582524,471.4634466019417,464.40725728155337,467.44368932038833,471.0281553398058,459.27946601941744,449.1189563106796
Carbs (g/day),327.09004854368936,341.17757281553395,346.8579854368932,321.08050970873785,328.0324514563107,351.5583495145631,353.6450485436893,355.64509708737864,340.7927912621359,350.2192475728155,364.5628640776699,381.60468446601936,378.26582524271845,384.94101941747573,396.39893203883497,389.09067961165044,398.25985436893205,404.5309223300971,418.4049514563107,431.4783252427185,431.21983009708737
Carbs (g/day),325.28898058252423,338.4027912621359,352.83788834951457,356.10618932038835,362.4266990291262,365.6249029126214,363.66499999999996,363.433713592233,359.061286407767,351.3884708737864,352.92247572815535,340.7740048543689,343.937645631068,357.0344417475728,374.3005825242719,378.7945388349514,379.6880339805825,382.78349514563104,380.488640776699,374.6881067961165,377.76218446601945
Carbs (g/day),323.6217718446602,312.00983009708733,306.6266990291262,301.8679126213592,300.4994174757282,303.9890776699029,296.95703883495145,286.3583495145631,294.245072815534,302.56502427184466,358.613640776699,351.80966019417474,353.33740291262137,338.4225242718446,345.4187378640776,355.65893203883496,352.2754368932039,349.71565533980583,348.3568689320388,345.4054854368932,346.1143689320388
Carbs (g/day),556.2816990291262,564.8068932038834,563.3005582524272,546.5617718446601,538.3875,543.7864077669904,544.2889563106796,545.6916262135921,553.7652912621359,546.6243932038835,578.9241504854368,576.2534708737863,576.1238106796116,570.1400485436893,567.5297087378641,567.1478640776699,558.9349514563106,558.8429611650486,547.5136650485437,551.1633495145632,552.466067961165
Carbs (g/day),428.09303398058256,436.4801213592233,437.28082524271844,430.70186893203885,429.08308252427184,424.49563106796114,424.1016990291262,422.4021359223301,433.3856067961165,427.9104368932039,431.2010436893204,427.2529854368932,434.8619417475728,428.4583737864077,431.873567961165,431.16259708737863,440.44575242718446,439.8252912621359,451.4872087378641,458.2442718446602,436.8204126213592
Carbs (g/day),454.59203883495144,449.50082524271846,422.72247572815536,426.16997572815535,441.3277912621359,467.4518446601941,469.1769417475728,473.65648058252424,490.5297087378641,496.03276699029124,493.3805582524272,493.99563106796114,472.05861650485434,478.7932524271845,449.37538834951454,408.04786407766994,402.0699757281553,403.00366504854367,399.7750485436893,373.237572815534,379.33322815533984
Carbs (g/day),424.1763834951456,423.43628640776694,424.31065533980586,431.4001213592233,407.21009708737864,399.1925,414.0055582524272,413.682427184466,419.3521359223301,423.0457524271844,375.23798543689315,390.23271844660195,402.1708980582524,421.5870873786407,404.72521844660196,407.74279126213594,416.54609223300974,422.03902912621356,430.25686893203886,431.498713592233,433.9165291262136
Carbs (g/day),341.5029126213592,348.5437378640776,347.24890776699027,354.39575242718445,353.5727427184466,370.5758009708738,369.1986650485437,363.6585922330097,367.6603155339806,378.97533980582523,402.2084708737864,405.6551456310679,415.3302184466019,426.6246844660194,439.24963592233007,443.51864077669904,456.41308252427183,460.67424757281555,451.33033980582525,444.7970873786408,439.7806067961165
Carbs (g/day),395.99004854368934,399.6427427184466,409.52223300970877,402.4236650485437,395.96776699029124,404.26075242718446,404.53339805825243,403.2258495145631,412.26592233009706,407.4804854368932,415.7503640776699,418.4828155339806,408.78298543689317,418.7398300970874,408.35354368932036,427.54587378640775,415.0545631067961,419.248786407767,417.82589805825245,433.0507524271845,451.1501941747573
Carbs (g/day),398.0082766990291,394.05281553398055,387.37366504854367,389.0734708737864,396.1372330097087,395.46800970873784,398.8266990291262,401.741213592233,389.59004854368936,392.05771844660194,387.3274757281553,381.29432038834955,386.32373786407766,380.3948300970874,380.8967475728155,387.0312621359223,388.9007281553398,390.4691504854369,389.939781553398,409.7405097087379,397.40902912621357
Carbs (g/day),393.5347087378641,397.46276699029124,402.69320388349513,395.1013834951456,404.6400485436893,400.94029126213593,395.0745873786408,388.9857524271845,392.2831067961165,393.1354611650485,396.48473300970875,397.0646844660194,392.857354368932,396.20842233009705,413.38711165048545,432.80177184466015,441.2096844660194,437.23021844660195,428.59665048543684,407.5140291262136,414.46538834951457
Carbs (g/day),322.3517961165049,321.24237864077674,321.1402184466019,322.762427184466,317.77390776699025,323.6464805825243,323.76058252427185,317.8093203883495,322.3441504854369,316.73281553398056,327.03220873786404,321.303640776699,324.6462621359223,324.7860922330097,322.9093932038835,322.33864077669904,323.2011165048544,326.5327669902913,318.1537621359223,333.9662621359223,335.6746359223301
Carbs (g/day),441.52220873786405,436.6815533980582,431.63762135922326,432.14097087378644,431.56961165048546,431.49490291262134,423.84308252427184,423.03390776699024,422.4151941747573,429.0114320388349,446.5803155339806,449.3620388349514,452.30932038834953,448.0465533980583,443.8369417475728,441.72354368932037,440.0871116504854,428.78997572815535,430.6140533980582,426.3039077669903,424.21679611650484
Carbs (g/day),347.55713592233013,322.37691747572813,321.117572815534,313.5790776699029,312.2981067961165,316.3824757281553,317.3274029126213,346.0516504854369,360.75885922330093,366.5880582524272,395.62941747572813,388.37507281553394,384.5848786407767,377.88172330097086,393.1424757281554,389.7726213592233,389.3896359223301,388.4707038834951,385.425,399.00373786407766,408.4996844660194
Carbs (g/day),504.02832524271844,493.5254854368932,538.0873786407767,556.2046601941747,557.3106796116505,560.2141990291262,541.6279126213592,546.4011893203883,578.9885922330097,560.404854368932,498.2690291262135,501.1185922330097,505.4993932038834,501.5557524271845,503.1345388349514,514.2465533980583,495.4538834951456,491.97106796116503,507.72419902912617,514.5575242718446,518.1364077669904
Carbs (g/day),415.81900485436887,432.3971601941748,443.8401213592233,436.3766262135922,444.9808980582524,453.89495145631065,451.383713592233,450.5425242718447,452.2363106796117,452.0662621359223,446.0493689320388,448.47281553398057,442.426140776699,446.47264563106796,445.448640776699,448.17907766990294,443.9979126213592,439.49917475728154,431.2836893203883,412.28466019417476,420.0136893203883
Carbs (g/day),452.6097087378641,466.0789077669903,470.44679611650486,478.2627184466019,478.40266990291263,488.21415048543685,495.25313106796114,500.9653640776699,517.9069417475729,539.8883009708738,553.2258495145632,552.8958009708738,548.7068932038835,551.2989805825242,554.4446116504854,542.6711165048544,540.9473543689321,560.7901941747572,573.7283252427184,590.8878155339806,596.1179368932039
Carbs (g/day),445.74677184466015,452.2275970873786,448.9257281553398,447.5705582524272,461.0543203883495,432.0996844660194,409.793567961165,413.3715533980582,412.78381067961163,406.2108009708738,395.87106796116507,392.6885436893204,401.3481553398058,406.4559466019418,390.5473786407767,391.9838834951456,380.7206553398058,385.8674514563107,371.524854368932,361.0185922330097,367.18592233009707
Carbs (g/day),287.47543689320383,285.04876213592235,289.79330097087376,289.167354368932,295.8919902912621,292.24706310679613,288.5857766990291,295.484854368932,302.06803398058247,303.017354368932,315.91419902912617,316.929927184466,312.10747572815535,316.479927184466,318.9843932038835,330.19839805825245,330.64623786407765,331.6400485436893,323.7042475728155,311.60354368932036,304.4847087378641
Carbs (g/day),357.1191262135922,360.8893203883495,382.4685922330097,377.89276699029125,373.43628640776694,382.2619174757282,386.7428398058252,394.4254368932039,380.8265776699029,404.5988106796117,394.45640776699025,401.7654611650485,402.0406796116505,399.09827669902916,394.15072815533983,403.8066990291262,395.428786407767,422.2118446601942,418.107208737864,428.5947572815534,445.4124029126213
Carbs (g/day),426.66771844660195,427.11441747572815,430.895,430.2051941747573,430.32718446601945,437.903713592233,449.9277669902912,453.62968446601946,462.33599514563105,465.1004126213592,415.24150485436894,418.511213592233,430.5572572815534,436.6633495145631,453.1571359223301,446.12094660194174,457.3541504854369,457.1366990291262,474.9933980582524,475.09944174757277,487.4960922330097
Carbs (g/day),398.88046116504853,410.3484708737864,405.0483980582524,396.818567961165,399.29199029126215,398.81839805825246,391.998713592233,391.1253640776699,393.9589805825243,385.2768203883495,369.63992718446605,362.983713592233,355.5242233009709,344.7183495145631,337.71349514563104,339.84453883495144,347.90711165048543,353.72458737864076,356.58832524271844,362.93844660194173,368.8967718446602
Carbs (g/day),447.31497572815533,457.2477669902912,455.647572815534,456.7704854368932,449.09016990291263,458.82213592233006,457.4512621359223,458.18883495145633,458.14478155339805,468.6663349514563,455.91643203883496,456.2058495145631,463.84194174757283,471.84441747572816,501.67194174757276,540.4613349514563,548.5702912621358,550.6988834951455,548.5868932038835,515.0700485436893,523.9638834951456
Carbs (g/day),348.27888349514564,337.3958495145631,340.32929611650485,339.7355339805825,339.5977669902913,350.27033980582524,353.9511165048544,355.97135922330096,355.6186893203883,361.56810679611647,375.44873786407766,356.7722572815534,358.23077669902915,363.642427184466,374.8786165048544,384.4718203883495,372.17844660194174,373.7448786407767,362.7149514563107,380.28344660194176,376.88735436893205
Carbs (g/day),347.7016747572815,356.20703883495145,357.5827912621359,364.4022330097087,361.56453883495146,356.64436893203884,358.93063106796114,360.96461165048544,366.47825242718443,372.39262135922326,390.18733009708734,392.84800970873783,391.87317961165047,391.17504854368934,383.2790048543689,387.7906796116505,392.3012378640776,393.3008980582524,396.0692718446602,387.83638349514564,388.3236893203884
Carbs (g/day),363.8782281553398,364.2285194174757,373.13492718446605,375.3076699029126,371.9754368932039,375.4581310679612,374.34733009708737,382.8893932038835,373.9011650485437,367.82383495145626,364.5591019417476,364.3992233009709,355.2070145631068,361.0348786407767,371.78533980582523,368.63672330097086,363.0132524271845,367.31521844660193,367.8939563106796,362.1665533980582,354.92830097087375
Carbs (g/day),388.38711165048545,382.7867233009709,363.60296116504855,376.91145631067957,395.6155097087378,404.3293446601942,404.8276456310679,379.15749999999997,377.32050970873786,381.7074757281553,366.4408495145631,368.6666262135922,364.1165776699029,362.11803398058254,370.1953155339806,374.1157281553398,375.2680825242718,378.34410194174757,378.86803398058254,405.65191747572817,394.5770145631068
Carbs (g/day),360.81038834951454,364.9559223300971,353.7796359223301,356.6633495145631,359.771213592233,365.03951456310676,365.3296601941748,366.53152912621357,364.46016990291264,367.8229854368932,380.8178883495146,373.8558495145631,378.4198058252427,373.423640776699,361.5953883495145,367.2096601941748,367.8746601941748,367.5483495145631,362.4603640776699,348.013640776699,342.8279611650485
Carbs (g/day),416.05337378640775,407.41128640776697,395.5500970873787,394.2408252427185,386.3316019417476,385.5751213592233,394.4508009708738,404.6579854368932,413.3380582524272,404.91245145631063,412.88648058252426,421.61934466019414,416.02172330097085,423.55361650485435,421.4953398058252,414.5835436893204,426.2571844660194,428.1242233009708,426.8587378640776,425.4525,430.0475970873786
Carbs (g/day),433.3387621359223,429.52145631067964,433.24674757281554,431.6565048543689,433.3964320388349,431.93934466019414,433.22118932038836,435.57114077669905,443.2104611650485,454.1981553398058,478.24526699029127,494.7701213592233,497.72225728155337,498.905995145631,514.3589077669902,520.065776699029,516.4846359223301,521.9189805825242,516.8145631067961,490.5891990291262,495.1926699029126
Carbs (g/day),522.491213592233,516.7456310679612,519.2698058252427,517.2428398058253,515.2918446601941,512.970509708738,494.6242233009708,489.81208737864074,481.2670873786408,481.45638349514564,488.9674029126213,464.84771844660196,475.32269417475726,479.16298543689317,481.8573543689321,478.6596844660194,474.5558009708738,460.176140776699,456.3596844660194,457.69223300970873,472.49536407766993
Carbs (g/day),356.9109466019417,364.5565291262136,375.2498786407767,378.3306796116505,381.766359223301,369.3832038834951,390.7383980582524,405.5065048543689,389.323713592233,391.2896359223301,328.42427184466015,322.0125485436893,322.5293203883495,331.75487864077667,331.68470873786407,319.5843203883495,321.9465291262136,332.3542718446602,342.83793689320385,349.20252427184465,361.61924757281554
Carbs (g/day),490.86941747572814,494.2080339805825,468.9345388349514,472.56400485436893,466.03240291262136,447.11031553398055,464.3912621359223,458.6969174757282,458.74754854368933,464.533786407767,472.7055582524272,483.5094174757281,488.0464805825243,496.5183009708738,496.84441747572816,491.5481067961165,503.7991747572815,491.2061893203884,500.41165048543684,499.0588106796116,468.1250485436893
Carbs (g/day),455.81575242718446,446.4914805825243,458.27944174757283,433.26381067961165,422.1393446601941,426.793640776699,420.59781553398057,411.40951456310677,410.4967961165048,417.6566504854369,429.56570388349513,429.12014563106794,416.1690533980583,419.1598786407767,415.40385922330097,406.2603883495145,393.0876213592233,396.98145631067956,412.167354368932,431.3014563106796,430.28104368932037
Carbs (g/day),444.1235922330097,443.1416019417476,442.4154126213592,440.7098058252427,446.62432038834953,438.191067961165,435.2185922330097,434.16393203883496,429.3266504854369,435.91966019417475,424.12538834951454,421.6704368932039,421.64936893203884,430.03114077669903,419.33592233009705,427.3323786407767,425.7011893203883,426.0590533980582,426.00970873786406,429.449927184466,434.37441747572814
Carbs (g/day),412.7950970873786,423.5239563106796,420.85097087378637,421.1470145631068,413.1285436893204,415.9196359223301,414.6793446601942,409.931359223301,422.40500000000003,431.00487864077667,435.6969174757282,431.82220873786406,428.84740291262136,437.6690291262136,435.022354368932,441.4836650485437,429.18361650485434,442.874927184466,450.43762135922333,438.9171116504854,427.1170631067961
Carbs (g/day),409.3692718446602,407.4230097087378,404.0314077669903,402.54507281553396,400.8417718446602,396.4587378640777,389.014854368932,398.93606796116507,380.8954611650485,375.7433495145631,378.56237864077667,381.1649757281553,390.61087378640775,391.9033009708738,387.544708737864,382.9976699029126,384.3014077669903,381.3293446601942,373.33759708737864,380.8758009708738,369.94495145631066
Carbs (g/day),393.19679611650486,398.53747572815536,403.5719174757281,444.75970873786406,420.09410194174757,440.0,431.6172815533981,411.81747572815533,423.4662621359223,430.69007281553394,444.03604368932037,447.87021844660194,468.1779126213592,463.72271844660196,439.65310679611645,405.3581067961165,392.36553398058254,383.9796359223301,347.474927184466,324.5800485436893,316.966286407767
Carbs (g/day),417.5821359223301,421.39745145631065,420.62868932038833,418.77861650485437,419.0086650485437,401.45898058252425,400.91623786407763,404.7020873786407,400.3069902912621,395.8590291262136,384.68873786407767,394.80541262135927,395.6143689320388,398.38276699029126,390.48347087378636,385.46325242718444,392.5165048543689,408.2247330097087,431.2015291262136,425.6135436893204,426.8999757281553
Carbs (g/day),343.99356796116507,347.53016990291263,337.1088349514563,331.9665048543689,332.7788349514563,358.1745145631068,357.6999757281553,345.6642233009709,345.5851699029126,348.22007281553397,356.54432038834955,373.79417475728155,382.38293689320386,365.9096844660194,386.01080097087373,387.53449029126216,375.93531553398054,370.36014563106795,376.8256553398058,392.92480582524274,379.01009708737865
Carbs (g/day),368.6305582524272,382.60325242718443,377.86415048543694,375.3935922330097,377.2478398058252,383.52808252427184,380.8910194174757,376.1081067961165,379.0427184466019,381.16868932038835,374.40169902912623,376.31995145631066,374.0158495145631,374.59781553398057,384.70026699029125,389.4881553398058,388.29473300970875,383.6176941747573,390.121286407767,403.4552427184466,396.88842233009706
Carbs (g/day),470.97281553398057,472.5070145631068,484.70783980582524,496.53565533980577,500.55737864077673,500.25007281553394,504.28645631067957,494.36764563106794,483.54521844660195,482.5809223300971,486.3449757281553,493.63315533980585,497.9500485436893,484.0309223300971,501.60587378640776,500.38701456310685,494.4953640776699,497.2683009708737,476.14468446601944,471.619781553398,496.02631067961164
Carbs (g/day),392.9037378640777,404.1502184466019,406.3778883495146,429.5758009708738,445.41259708737863,445.14645631067964,426.32208737864073,424.9800970873786,419.0561650485437,432.46546116504857,424.93716019417474,435.4889805825243,439.46936893203883,438.2047572815534,433.14679611650485,435.18286407766993,425.8172572815534,436.5145631067961,433.59735436893203,424.7869902912621,427.36941747572814
Carbs (g/day),398.25898058252426,390.73524271844656,396.15162621359224,403.8976941747573,408.44315533980586,416.028713592233,411.3317718446602,418.6785922330097,412.7934223300971,424.676286407767,434.97007281553397,454.01582524271845,449.56381067961166,461.63359223300967,469.9183252427184,487.64919902912624,482.6415533980582,493.2523058252427,495.6731067961165,486.50432038834947,482.7997572815534
Carbs (g/day),395.7259951456311,404.4516019417476,409.85475728155336,410.8708009708738,401.2979126213592,418.9366019417476,410.4408009708738,403.81189320388347,407.6626941747573,409.3558980582524,403.47167475728156,407.58276699029125,408.456213592233,424.5368689320388,417.3602669902913,406.52934466019417,411.9854126213592,401.8140291262136,408.90082524271844,392.7893689320388,378.25240291262133
Carbs (g/day),347.81410194174754,353.7081553398058,365.88165048543686,370.39759708737864,378.2377912621359,382.3393203883495,376.70679611650485,386.39905339805824,379.4034223300971,378.3737621359223,448.19507281553393,463.75805825242713,483.25349514563106,462.9860922330097,442.07711165048545,455.27444174757284,476.9872572815534,491.2742718446602,480.6188106796116,504.2894174757281,527.955995145631
Carbs (g/day),422.2179854368932,429.45432038834946,439.59764563106796,448.3081310679612,457.0872572815534,466.2563349514563,472.153640776699,470.43429611650487,474.97097087378637,476.2116019417476,470.3776699029126,466.21395631067963,455.7607038834951,425.27793689320384,364.80815533980586,337.3293203883495,346.67475728155335,353.756067961165,357.4334708737864,351.2773058252427,321.54597087378636
Carbs (g/day),365.8705825242718,353.63995145631065,356.91708737864076,350.1037621359223,355.5879368932039,361.50815533980585,345.4442475728155,352.27946601941744,368.26752427184465,372.6009708737864,357.52444174757284,355.4811650485437,341.9612621359223,346.1106796116505,350.3015048543689,346.2041990291262,359.3818689320388,369.3575970873787,367.64398058252425,377.2920873786408,372.1703640776699
Carbs (g/day),,,,,,,,,,,449.2095631067961,462.4130582524272,500.93769417475727,514.3342475728156,535.9286650485437,501.1476941747573,504.4424757281553,496.38873786407765,476.2152184466019,483.8486650485437,481.42441747572815
Carbs (g/day),486.28774271844657,493.8846601941747,480.25245145631067,475.3956796116505,482.1416504854369,490.8896359223301,491.74932038834953,503.96043689320385,494.46109223300965,490.35354368932036,462.89606796116504,481.8038834951456,489.4813834951456,499.4096116504854,493.72504854368935,484.3738834951456,482.5734466019417,476.2635194174757,465.5211165048543,437.1971601941748,431.0865291262136
Carbs (g/day),432.809927184466,406.5452912621359,410.87376213592233,405.2615776699029,396.5875485436893,405.1718203883495,418.03606796116503,423.8607766990291,426.4448058252427,433.202572815534,442.9959708737864,444.2044417475728,435.04555825242716,427.7516990291262,437.51415048543686,425.25669902912625,423.867645631068,421.8773058252427,422.69842233009706,421.3892475728155,433.342427184466
Carbs (g/day),297.17521844660195,304.19402912621354,306.296213592233,307.36480582524274,319.22055825242717,318.9559223300971,321.59492718446603,317.35249999999996,314.32133495145627,315.37912621359226,329.9458009708738,341.3956067961165,339.97565533980577,343.32286407766986,363.75825242718446,357.8416504854369,352.76269417475726,356.403713592233,353.47514563106796,365.9304126213592,346.22660194174756
Carbs (g/day),371.4273786407767,372.40970873786404,362.82987864077666,367.4189805825243,368.8659951456311,384.18946601941747,385.12385922330094,389.40764563106796,382.25245145631067,386.7605582524272,395.44148058252426,403.93682038834953,403.7914077669903,384.8865776699029,376.4854126213592,363.77597087378643,362.60111650485436,362.1944417475728,356.82470873786406,358.9543932038835,346.2289805825243
Carbs (g/day),419.68288834951454,422.2221359223301,407.9566747572816,406.6271116504854,409.5816990291262,414.3810194174757,428.321286407767,428.7620873786408,428.39631067961164,424.0302427184466,471.22228155339803,469.4591747572816,474.0796844660194,470.174708737864,456.93609223300973,465.125,453.88932038834946,450.401286407767,447.8397330097087,445.36152912621355,457.81436893203886
Carbs (g/day),436.9900242718446,430.59808252427183,414.307281553398,420.13373786407766,419.62963592233007,414.01550970873785,419.1371359223301,423.92781553398055,413.7665048543689,422.53844660194176,415.2606310679612,420.49101941747574,421.3905339805825,416.33864077669904,402.065,403.49160194174755,401.77895631067963,404.6165776699029,397.8265291262136,407.15983009708737,406.8041262135922
Carbs (g/day),352.7241504854369,357.12606796116506,359.65347087378643,357.46599514563104,365.0516262135922,361.1003640776699,363.9700485436893,361.50257281553394,367.80881067961167,365.12912621359226,402.09733009708737,406.86958737864074,405.91997572815535,399.8485922330097,385.4717718446602,388.73611650485435,382.31053398058253,383.1540048543689,369.253713592233,366.46944174757283,358.02259708737864
Carbs (g/day),379.4533737864078,381.3983737864078,377.7350970873787,379.3417475728155,381.26325242718445,388.692354368932,399.3779854368932,410.7554126213592,417.6547330097087,424.17999999999995,463.6029854368932,462.15808252427183,471.8700485436893,472.2358252427184,465.84381067961164,464.43356796116507,471.8081553398058,480.32487864077666,481.9783252427184,501.29968446601936,497.16322815533977
Carbs (g/day),480.0783737864078,474.56652912621354,483.01349514563105,486.11046116504855,477.2873058252427,484.9655582524272,473.0827912621359,475.49594660194174,474.6479854368932,480.57116504854366,470.608495145631,466.78606796116503,458.29490291262135,449.6600485436893,442.4556310679612,448.50946601941746,428.26099514563106,416.46793689320384,389.12723300970873,386.7873058252427,370.03026699029124
Carbs (g/day),423.6669660194175,421.82866504854366,419.96910194174757,440.24184466019415,418.02179611650485,424.07718446601945,422.4944660194175,454.1000485436893,462.9851699029126,465.40485436893204,453.3435922330097,464.31601941747573,449.1459708737864,465.22749999999996,474.6995145631068,480.6141262135922,477.895145631068,476.0228398058252,487.34315533980583,492.1735436893204,503.44546116504847
Carbs (g/day),433.0417718446602,445.7809223300971,431.80031553398055,439.0494417475728,450.5025970873786,442.2967233009709,441.4860679611651,451.52609223300965,434.4731796116505,462.1457038834951,469.39470873786405,456.25703883495146,445.4167475728155,440.7849029126213,438.00303398058253,441.61764563106794,437.08679611650484,432.7205339805825,436.1436893203883,435.2669902912621,436.95888349514564
Carbs (g/day),500.81432038834953,506.9306796116505,504.9118932038835,506.34434466019417,498.43179611650487,483.9352427184466,489.84878640776697,490.0731310679612,485.08395631067964,480.3453883495145,470.1910922330097,463.4441990291262,463.33019417475725,460.3892475728155,468.9270631067961,468.25288834951454,469.33917475728157,468.22524271844657,463.5360922330097,467.1352669902912,465.68373786407767
Carbs (g/day),394.56796116504853,412.40533980582524,406.0194174757281,406.9611650485437,407.9320145631068,418.39075242718445,414.40531553398057,412.55825242718447,414.876213592233,420.9174514563107,392.6165048543689,393.83495145631065,393.8810436893204,393.0364077669903,405.88349514563106,409.548567961165,407.29368932038835,405.08009708737865,411.2281553398058,690.9001213592232,687.889563106796
Carbs (g/day),432.41917475728155,436.6230825242718,436.17601941747574,417.92716019417475,411.60749999999996,405.68111650485434,409.39745145631065,410.37973300970873,405.9678640776699,380.19963592233006,470.3067233009709,480.10182038834955,491.68747572815533,497.52179611650485,516.5892475728155,522.9137864077669,531.3288106796117,539.0179611650485,543.0692475728155,548.2350242718447,521.9281067961165
Carbs (g/day),268.19485436893206,284.39478155339805,298.4484708737864,296.7376699029126,295.1958252427184,301.6110436893204,313.5847330097087,309.598640776699,316.0769174757282,312.26291262135925,320.7204854368932,324.0454611650485,331.24538834951454,308.15507281553397,321.6076941747573,297.4095631067961,317.17626213592234,290.45742718446604,322.0908495145631,300.6140776699029,315.6946844660194
Carbs (g/day),,,,,,,430.04218446601936,456.81648058252426,464.38616504854366,459.1542718446602,447.3237621359223,440.86771844660194,424.0884223300971,420.9231067961165,412.75922330097086,420.8706310679612,426.7799757281553,429.95436893203885,426.47378640776697,427.1668689320388,430.47325242718443
Carbs (g/day),535.0231067961165,543.7954611650486,551.4979611650485,556.077427184466,571.254150485437,553.0141990291263,560.0001699029126,550.5636650485436,554.4964563106796,552.2513106796116,555.7893203883494,571.1755339805825,570.3282524271845,572.6492718446602,576.2813834951456,579.1522330097087,582.7864805825243,571.9860436893204,574.1609708737864,560.9283980582525,555.4029126213593
Carbs (g/day),373.42014563106795,377.68504854368933,386.4266504854369,403.7729611650485,396.29621359223296,385.3414077669903,405.3714563106796,399.31230582524273,413.6496601941747,419.80990291262134,438.5971844660194,439.9139077669903,427.95155339805825,403.0193446601941,355.436140776699,335.4777427184466,322.13021844660193,336.01317961165046,382.172281553398,378.08648058252425,370.4635194174757
Carbs (g/day),353.11521844660194,362.68728155339807,364.85563106796116,370.9220873786408,366.2455339805825,367.43881067961166,376.6706796116505,379.73779126213594,388.3291262135922,381.54024271844656,407.7107038834951,402.7562621359223,403.2229854368932,401.452572815534,409.4704611650485,409.78708737864076,412.5767475728155,416.05330097087375,409.77771844660197,401.81577669902913,397.95633495145626
Carbs (g/day),381.79104368932036,387.72529126213595,387.385,384.6035194174757,378.37997572815533,381.06757281553394,375.8889320388349,370.6797087378641,348.4808252427184,345.705145631068,375.28711165048543,380.98126213592235,398.0646844660194,410.21970873786404,402.2051213592233,412.124781553398,414.51825242718445,414.90757281553397,423.2930825242718,436.67060679611654,436.2027184466019
Carbs (g/day),,,,,,,,,,,,,,,,,,,,266.65216019417477,277.65419902912623
Carbs (g/day),386.9729854368932,391.0359466019417,391.6739563106796,401.2104854368932,409.78941747572816,415.988640776699,414.9511165048544,422.59788834951456,430.492572815534,437.08849514563104,439.80674757281554,446.9637378640777,453.53233009708737,458.3586650485437,465.78783980582523,471.6689077669903,480.29660194174755,482.196067961165,481.91393203883496,487.3118689320388,491.89737864077665
Carbs (g/day),368.1376213592233,369.5099514563107,374.75781553398053,382.9607281553398,383.06529126213593,377.1403883495146,386.2938106796117,396.4544902912621,389.78300970873784,395.5972330097087,400.7740776699029,407.2715776699029,400.7806796116505,398.1853640776699,396.338786407767,399.87640776699027,394.4335436893204,413.25582524271846,389.00594660194173,439.50106796116506,431.0744417475728
Carbs (g/day),286.149927184466,286.47733009708736,295.57533980582525,296.24667475728154,305.822718446602,298.8831553398058,305.28279126213596,304.7501699029126,312.2133737864077,310.89211165048545,,,,,,,,,,,
Carbs (g/day),339.90553398058256,330.2406796116505,320.3646359223301,318.5904611650485,310.6115533980582,321.33822815533983,322.7158009708738,321.8340291262136,330.81740291262133,324.65851941747576,326.33597087378644,324.7009223300971,322.86618932038834,327.9667718446602,348.332427184466,351.3338349514563,353.0052427184466,353.44628640776693,352.8368203883495,358.97924757281555,357.41650485436895
Carbs (g/day),435.63640776699026,425.37400485436893,419.44478155339806,419.0445145631068,418.0559223300971,423.43786407766993,415.3690776699029,417.9831553398058,424.23987864077674,421.8903155339806,415.0233009708738,392.42553398058254,419.7940291262136,421.21893203883496,430.3968203883495,431.11029126213595,421.5683980582524,425.2670145631068,418.21752427184464,410.4641990291262,402.0225485436893
Carbs (g/day),360.5771844660194,388.90063106796117,393.6710436893204,400.3615048543689,404.0854126213592,401.9216504854369,396.8146844660194,404.7535922330097,404.4062621359223,409.419708737864,421.3617233009708,418.5714563106796,429.37240291262134,430.93332524271847,414.3681796116505,418.89347087378644,431.744854368932,428.8528640776699,430.9607281553398,427.5656067961165,426.2403155339806
Carbs (g/day),379.79837378640775,377.179927184466,367.5526941747573,378.8459223300971,388.15684466019417,383.7189077669903,386.02492718446604,387.7553398058252,389.85643203883495,395.39026699029125,424.40216019417477,405.8291019417476,428.09711165048543,425.3590776699029,416.335145631068,437.0642718446602,437.9197087378641,435.2853640776699,445.9912378640776,432.2219417475728,435.5521844660194
Carbs (g/day),446.2922815533981,440.8570873786408,435.74900485436893,434.21832524271844,441.51783980582525,447.5555097087378,449.2318203883495,450.29764563106795,453.3523058252427,459.61796116504854,449.2743446601941,448.05898058252427,444.7560436893204,443.37128640776695,441.40063106796117,444.0763592233009,442.8904611650485,435.73320388349515,433.73956310679614,440.74230582524274,442.62029126213594
Carbs (g/day),374.8498058252427,366.8003398058252,381.1453883495145,388.2701699029126,390.00070388349513,386.16492718446597,383.0346844660194,378.2445145631068,374.9106067961165,375.9310436893204,376.8031067961165,376.7306796116505,378.3075242718446,377.51609223300966,382.22033980582523,375.18376213592234,371.56873786407766,374.7667475728155,361.00446601941746,368.3884466019417,362.99922330097087
Carbs (g/day),420.99626213592234,389.8518689320388,395.74281553398055,395.98597087378636,405.0745631067961,393.27572815533983,380.74953883495147,395.15917475728156,416.2292961165049,419.8633980582524,415.30876213592234,411.5467233009709,411.96599514563104,416.30606796116507,414.8354368932039,422.53067961165044,422.7728883495146,417.99281553398055,423.3838349514563,424.5804854368932,433.4081553398058
Carbs (g/day),413.6752184466019,416.81388349514566,418.5326456310679,414.462427184466,411.516213592233,409.9230582524272,409.17216019417475,413.72395631067957,416.6985194174757,414.8118689320388,418.5406553398058,416.1606067961165,424.0285922330097,425.6879854368932,420.4107766990291,411.8681796116505,408.78924757281555,408.13029126213587,417.0352669902913,422.25946601941746,427.9529126213592
Carbs (g/day),382.8662378640776,389.6632038834951,398.61169902912616,390.96723300970876,419.72313106796116,432.26956310679606,435.13696601941746,437.8728155339806,440.753713592233,461.4727669902913,478.71558252427184,457.7432524271845,451.0852427184466,453.8684951456311,469.19174757281553,476.318567961165,459.13970873786405,472.0949029126213,476.59832524271843,493.3589805825242,508.74699029126214
Carbs (g/day),355.37582524271846,334.6554126213592,318.5124029126213,323.83592233009705,331.0510922330097,328.85917475728155,328.6841262135922,330.06099514563107,329.0803155339806,329.4227912621359,336.19543689320386,333.5504854368932,331.0458737864078,336.7881067961165,337.2416019417476,341.74730582524273,348.976286407767,349.33492718446604,347.0806553398058,342.1755582524272,347.2518689320388
Carbs (g/day),321.08082524271845,350.8200970873786,372.267572815534,380.666140776699,360.8067233009709,375.08589805825244,374.7021844660194,396.044854368932,399.74356796116507,397.62868932038833,402.1415291262136,406.9017475728155,418.7790291262136,415.74618932038834,417.26662621359225,420.304854368932,427.517427184466,437.1681553398058,452.69247572815533,427.08502427184465,424.302572815534
Carbs (g/day),,,,,,,,,,,314.6603883495145,314.49063106796115,317.7043203883495,314.3189563106796,319.17359223300974,321.23691747572815,326.0306067961165,330.8241747572815,333.5223058252427,326.14082524271845,333.64679611650485
Carbs (g/day),370.96995145631064,384.4602912621359,383.7517961165048,395.9752669902913,400.0120631067961,396.65429611650484,399.2213834951456,397.12191747572814,392.69735436893205,393.8525485436893,426.0795873786407,425.31966019417473,419.32283980582525,423.9064563106796,446.76745145631065,446.0363834951456,440.50922330097086,441.5824757281553,437.4569174757281,435.31427184466014,445.87133495145633
Carbs (g/day),402.91179611650483,394.90667475728156,398.9271359223301,397.8802669902912,402.21240291262137,428.00342233009707,430.5284466019417,434.136359223301,442.41434466019416,450.65444174757283,443.3340776699029,440.3977427184466,448.20104368932033,451.9800485436893,456.09373786407764,460.6162378640777,454.1479368932039,455.5729126213592,456.92490291262135,451.6802427184466,455.49077669902914
Carbs (g/day),417.4000485436893,417.4693932038835,423.0802184466019,422.94495145631066,438.7669174757282,442.64436893203884,445.0884708737864,452.0238592233009,456.29038834951456,452.6209223300971,434.19189320388347,433.1145388349515,436.07953883495145,436.9615291262136,439.3093446601942,443.2129126213592,446.17257281553395,452.0073058252427,457.55849514563107,502.9240291262136,506.87196601941747
Carbs (g/day),483.27766990291263,480.2538834951456,476.07584951456306,477.16847087378636,472.4167475728155,470.0316504854369,468.1491990291262,471.33106796116505,467.8972330097087,472.8765048543689,466.50817961165046,467.56140776699027,465.2570145631068,462.94635922330093,464.8756310679612,447.295072815534,459.441359223301,469.50203883495146,469.85893203883495,462.40458737864077,467.1206553398058
Carbs (g/day),458.5810436893204,455.8188349514563,452.59898058252423,453.23934466019415,457.8895145631068,449.6455339805825,446.00936893203885,437.8564077669903,433.27145631067964,429.1218932038835,430.41548543689316,425.3575970873787,429.97063106796116,428.1031553398058,421.10733009708736,423.6727427184466,417.8627669902912,422.76533980582525,421.38174757281547,410.15983009708737,414.58776699029124
Carbs (g/day),,,,,,,,,,,,,,,,,,,,474.3233737864077,488.00592233009706
Carbs (g/day),480.6719417475728,494.9007766990291,503.6497330097087,507.73097087378636,522.8251456310679,516.8504854368932,522.8692718446601,509.8937378640777,515.3617718446602,514.1683980582524,514.3244174757281,522.2662621359224,523.9745388349514,529.9542233009709,473.9866019417476,477.5117475728155,482.9944417475728,484.9588106796116,493.04490291262135,498.9133980582524,491.41589805825237
Carbs (g/day),448.2621601941747,458.71917475728156,468.77,471.3654368932039,479.0461650485437,492.73184466019416,498.03228155339804,504.1056553398058,501.05917475728154,490.15716019417476,486.69206310679607,489.8163834951456,488.96999999999997,481.27961165048544,481.24199029126214,485.80118932038835,474.8867475728155,478.03599514563103,470.96308252427184,470.3122572815534,467.27271844660197
Carbs (g/day),384.77466019417477,406.63567961165046,451.81650485436893,423.54048543689316,405.56711165048546,418.1880582524272,411.5942475728155,411.0497330097087,422.391067961165,432.5346359223301,393.8880582524272,396.32944174757284,405.3025970873787,408.67233009708735,411.27783980582524,410.53196601941744,405.6883252427184,412.818786407767,414.77356796116504,413.6089077669903,422.3201213592233
Carbs (g/day),360.82456310679606,367.21660194174757,357.1901699029126,355.3628640776699,346.2745631067961,352.47405339805823,364.2328640776699,371.1030825242718,377.04999999999995,388.90910194174756,346.881140776699,345.61618932038834,368.7131067961165,364.24779126213593,349.5873786407767,351.04400485436895,350.5202427184466,350.3944417475728,365.1285436893204,347.43334951456313,349.91075242718443
Carbs (g/day),388.9514563106796,382.9283980582524,389.1438834951456,381.47718446601937,374.2756310679611,374.05097087378635,377.4825970873786,371.1902427184466,376.8948786407767,386.46019417475725,383.6471601941747,394.63143203883493,397.26776699029125,388.16007281553397,377.71949029126216,373.50550970873786,376.3597087378641,383.03881067961163,375.8978640776699,403.00594660194173,404.34735436893203
Carbs (g/day),383.3592961165048,375.78201456310677,394.16492718446597,397.79570388349515,402.93240291262134,417.4112378640777,423.0046844660194,430.4533252427184,436.2043446601942,434.68720873786407,436.0212621359223,455.37560679611653,463.5541504854369,472.8602184466019,454.78259708737863,459.69179611650486,460.5556553398058,470.82682038834946,449.4007766990291,442.5796359223301,430.47628640776696
Carbs (g/day),311.1159951456311,306.51548543689324,314.24749999999995,312.87121359223295,324.38905339805825,315.4791990291262,319.8053640776699,319.081432038835,318.77172330097085,317.3598786407767,313.06473300970873,307.65718446601943,317.83868932038837,328.55480582524274,330.47191747572816,327.6683009708738,328.98216019417475,331.257354368932,329.98242718446596,388.9898058252427,384.2333252427185
Carbs (g/day),371.94533980582526,373.40961165048543,377.6852427184466,378.5810194174757,384.6936893203884,387.7840776699029,385.5544660194175,375.7632038834951,366.60342233009703,356.96635922330097,360.5711165048544,356.0897572815534,364.7631067961165,364.2823058252427,369.9585922330097,362.28966019417476,375.0935194174757,373.2426941747573,372.6662378640777,391.99861650485434,391.2867233009709
Carbs (g/day),444.08041262135924,444.42944174757275,450.3995631067961,453.2282038834951,468.4088834951456,468.90898058252424,470.76189320388346,466.7289077669903,449.061213592233,436.001213592233,432.9126213592233,425.0524514563107,428.7102912621359,426.34313106796117,447.81262135922333,464.4301213592233,464.7306796116505,468.85126213592235,469.87368932038834,468.327427184466,483.2995873786408
Carbs (g/day),334.99793689320387,337.25733009708733,335.14138349514565,355.227572815534,360.36014563106795,357.99449029126214,377.6286893203884,388.47092233009704,387.4177427184466,385.80563106796114,377.64502427184465,367.7894902912621,383.83946601941744,372.74356796116507,390.61376213592234,404.87140776699033,416.5269660194175,419.2602912621359,428.6453155339806,430.9943932038835,442.5159708737864
Carbs (g/day),,,,,,,513.6564077669902,510.3062378640776,501.19019417475727,519.2600242718446,504.0305825242719,518.4875485436894,513.5268689320388,514.7217475728155,486.71259708737864,487.44446601941746,491.11441747572815,494.31126213592233,483.89919902912624,500.6437621359224,496.0975485436893
Carbs (g/day),400.65898058252424,392.1816262135922,384.89291262135924,402.15478155339804,415.4242961165048,392.07648058252425,,,,,,,,,,,,,,,
Carbs (g/day),,,,,,,,,,,478.25638349514566,442.15220873786404,444.03223300970876,437.8631553398058,426.46910194174757,415.74779126213593,404.46439320388345,417.94296116504853,425.7134223300971,426.80167475728155,434.56296116504853
Carbs (g/day),308.17667475728155,301.9974757281553,299.24699029126214,302.27766990291263,294.6793932038835,308.6341747572815,321.4783495145631,340.9245388349514,334.3778155339806,340.7733009708738,393.8289563106796,396.30885922330094,395.1377912621359,391.2840291262136,381.2785922330097,402.80859223300973,395.48189320388343,403.12201456310675,403.98070388349515,378.1498786407767,391.856213592233
Carbs (g/day),393.28599514563103,377.72667475728156,378.933786407767,375.8269417475728,386.9749514563107,397.4027669902913,388.2370388349514,390.14614077669904,413.9432766990291,399.52016990291264,364.44512135922326,362.4716504854369,356.90109223300965,362.2299029126213,356.8040533980582,330.4692233009709,342.497354368932,332.9103640776699,328.33043689320385,334.55031553398055,331.4393689320388
Carbs (g/day),407.9979854368932,393.923713592233,400.19730582524267,395.8689563106796,406.04813106796115,392.3026941747573,401.2266262135922,405.5553883495146,400.6323058252427,406.10635922330096,406.7190776699029,410.56415048543687,411.63116504854366,414.3596359223301,431.64648058252425,427.6063106796117,418.75580097087374,423.3839563106796,423.09458737864077,415.38762135922326,407.426140776699
Carbs (g/day),404.73410194174755,398.5243203883495,408.4494174757281,415.0514563106796,415.92288834951455,423.60868932038835,423.31582524271846,419.7492718446602,434.54313106796116,426.16283980582523,422.10949029126215,420.7792718446602,415.062281553398,411.6675242718447,414.4700242718447,415.00735436893206,422.3568932038835,415.4816262135922,415.2744660194175,400.2059708737864,390.0697330097087
Carbs (g/day),450.91381067961163,450.8814563106796,448.3517475728155,452.8982038834951,457.3385194174757,457.07131067961166,452.0398058252427,453.0649029126214,446.2091262135922,442.0079126213592,441.0846601941748,444.06898058252426,442.51031553398053,440.6746359223301,441.18356796116507,432.6994902912621,432.27924757281556,436.26881067961165,438.47854368932036,423.4902427184466,416.4711650485437
Carbs (g/day),487.23191747572815,487.9727184466019,481.3658980582524,462.9209708737864,472.8477184466019,473.15461165048544,470.0879368932039,469.56189320388347,475.6375485436893,472.2792233009709,505.02201456310684,508.09126213592225,490.21592233009704,493.8381067961165,485.4281796116505,481.63786407766986,477.66458737864076,479.8852184466019,475.46645631067963,466.4457038834951,459.05813106796114
Carbs (g/day),,,,,,,,,,,,,,,,,,,,285.6141262135922,302.55441747572814
Carbs (g/day),363.60281553398056,363.91868932038835,366.23351941747575,361.72330097087377,360.56456310679613,354.7569417475728,356.5590291262136,348.020145631068,353.04087378640776,353.1270145631068,351.0393689320388,355.1430339805825,354.50873786407766,357.22016990291263,359.3912621359223,353.48529126213595,364.1455097087379,365.28082524271844,370.7329854368932,366.09356796116504,362.705
Carbs (g/day),416.2319417475728,427.6365291262136,425.4630582524272,420.7457281553398,430.4475,430.4673786407767,431.0588834951456,428.33356796116504,445.615,442.5136893203884,447.5776213592233,446.8411893203883,451.0182766990291,459.40558252427184,461.65242718446603,470.71983009708737,471.21667475728157,478.3529126213592,483.0385194174757,485.833713592233,503.22966019417476
Carbs (g/day),326.83317961165045,334.3246601941747,330.9141262135922,341.298495145631,337.4042475728155,346.6382038834951,354.3879854368932,350.3297572815534,347.34485436893203,345.0169174757282,,,415.97837378640776,426.25703883495146,420.88759708737865,422.1055097087378,410.4414077669903,412.041140776699,406.9891262135922,401.04247572815535,397.33211165048544
Carbs (g/day),404.42135922330095,401.33820388349517,395.786213592233,394.82317961165046,391.5248786407767,405.7179368932039,406.4378398058252,411.8991990291262,409.82912621359225,421.7108009708738,416.8807281553398,411.12611650485434,409.5254854368932,416.33291262135924,423.03337378640776,415.5892475728155,412.9558737864078,414.1095145631068,420.1858009708738,418.92135922330095,418.72720873786403
Carbs (g/day),384.6726213592233,384.92456310679614,382.14995145631065,382.3576941747572,384.1166990291262,380.55716019417474,378.5058252427184,379.2330825242718,379.3100970873786,376.41271844660196,375.4795631067961,373.38759708737865,371.8843446601942,379.49,374.1701941747573,366.2828640776699,365.42524271844655,371.34655339805823,371.28118932038836,382.09276699029124,379.32849514563105
Carbs (g/day),413.42830097087375,398.1327427184466,404.23803398058254,403.4089320388349,402.1130097087379,395.7022330097087,398.67080097087376,401.9501699029126,399.6688106796117,407.28235436893203,402.63890776699026,408.6391990291262,401.06570388349513,396.8546116504854,394.3069902912621,383.3703398058252,383.96844660194176,390.254854368932,381.17990291262134,383.3078398058252,380.6994417475728
Carbs (g/day),,,,,,,,,,,453.5359223300971,423.715,403.9826941747573,407.5237621359223,389.9851941747573,375.22529126213595,363.7263834951456,344.25235436893206,339.6535922330097,348.1733980582524,351.28461165048543
Carbs (g/day),361.93747572815533,354.49764563106794,349.85080097087376,355.37648058252427,351.1480582524272,351.25252427184466,344.9838834951456,350.38434466019413,342.5986650485437,347.55053398058254,362.6895145631068,357.61490291262135,356.242645631068,361.55584951456314,360.58371359223304,354.2741990291262,355.7572087378641,356.4123058252427,351.95356796116505,352.9354126213592,348.6740533980582
Carbs (g/day),330.4926699029126,318.6644902912621,311.8547087378641,310.1636650485437,312.55029126213594,314.9920388349515,327.71262135922325,322.1418446601942,326.28126213592236,331.33978155339804,368.28458737864077,374.3556067961165,374.7077427184466,373.0728155339806,378.25638349514566,386.6849029126214,394.0170631067961,391.2510436893204,408.00422330097086,416.3779854368932,414.1371601941748
Carbs (g/day),360.46951456310677,363.0374029126213,375.23774271844655,341.51492718446605,367.8893203883495,363.4228398058253,371.82495145631066,378.3010436893204,370.7208495145631,371.5937378640777,381.13211165048546,376.0841990291262,378.18033980582527,384.8201213592233,387.3245631067961,385.8197330097087,385.19174757281553,381.95944174757284,389.8408737864077,383.52847087378643,388.28483009708737
Carbs (g/day),449.4267961165049,446.3380582524272,453.46762135922324,457.22063106796116,459.44189320388347,472.31371359223294,489.0752427184466,472.0299514563107,475.57405339805825,470.73868932038835,475.7829611650485,469.79065533980577,475.65944174757277,474.09422330097084,474.84813106796116,469.6137378640777,461.58019417475725,449.1556067961165,462.6653398058252,464.1855582524272,468.62592233009707
Carbs (g/day),373.109781553398,357.12796116504853,360.0508495145631,365.6490776699029,376.6952427184466,375.5397087378641,387.6492718446602,392.0122572815534,391.09725728155337,393.5353155339806,402.89665048543685,410.44378640776694,403.5123058252427,415.4561165048544,418.2966504854369,403.72009708737863,412.55883495145633,406.12208737864074,402.93667475728154,392.7053398058252,404.54128640776696
Carbs (g/day),422.43592233009707,426.81366504854367,404.1349029126214,401.5450970873786,403.2493203883495,403.6711650485437,409.84958737864076,412.7848786407767,417.1919417475728,416.1185436893204,411.8579854368932,415.96611650485437,419.79376213592235,419.86963592233013,417.00220873786407,420.2452427184466,415.9297087378641,416.695,408.51390776699026,409.3332766990291,405.78361650485436
Carbs (g/day),474.47308252427183,477.17779126213594,477.843640776699,492.15720873786404,488.2532281553398,495.1738349514563,492.1214077669903,498.44567961165046,491.8201699029126,513.6184951456311,503.5884466019417,517.6430097087378,502.97922330097083,506.8447087378641,514.5495873786408,512.1997572815534,516.1340776699029,512.7438349514564,512.5481067961165,518.4780582524272,528.9478155339806
Carbs (g/day),559.6595631067961,562.0976941747573,554.2360679611651,547.2674757281553,539.355,539.0655825242719,541.2326213592233,526.0729126213593,526.7959708737864,528.0463106796117,537.4671601941748,529.639563106796,522.5952184466018,524.4562621359223,520.9654611650485,524.1907766990291,521.1923058252427,524.4393203883495,524.1895631067961,524.415436893204,528.9081553398058
Carbs (g/day),403.4102669902913,409.1138834951456,412.0828155339805,422.40349514563104,429.2254611650485,431.3329126213592,437.59944174757277,425.62516990291266,414.2333980582524,408.90177184466023,418.1552912621359,413.4294417475728,415.97902912621356,417.1394174757281,422.2663834951456,419.3342475728155,420.8007281553398,419.7901699029126,426.5420631067961,435.25555825242714,430.9766504854369
Carbs (g/day),435.1170145631068,438.65985436893203,444.03123786407764,445.6187378640777,435.08606796116504,428.47026699029124,418.7284708737864,408.2338834951456,391.6659223300971,394.9558009708738,406.21662621359224,396.2889077669903,400.9115048543689,398.12279126213593,387.30507281553395,371.8185194174757,347.91563106796116,354.6081067961165,379.7867961165049,366.32512135922326,403.9251941747573
Carbs (g/day),468.3304611650485,486.97082524271843,485.16223300970876,481.6500242718447,500.89762135922325,500.91759708737857,504.9316990291262,499.9755825242718,503.96349514563104,482.3457766990291,478.106213592233,498.3141262135922,490.3527669902913,484.69983009708733,479.3957766990291,490.0673786407767,491.31487864077667,478.9930825242718,454.84684466019417,440.79691747572815,451.0475
Carbs (g/day),450.81917475728153,464.12905339805826,447.03832524271843,433.3393932038835,463.25446601941746,481.5819902912621,494.8064077669903,480.90713592233004,453.55254854368934,457.9905097087379,413.4931553398058,431.59958737864076,439.6761650485437,450.9720631067961,446.7908495145631,439.08783980582524,445.04628640776696,444.56650485436893,419.9207524271844,417.62075242718447,414.9776213592233
Carbs (g/day),414.82592233009706,419.87567961165047,436.6959466019417,435.8753398058252,436.9834466019417,430.32211165048545,412.15953883495143,419.9464563106796,423.40478155339804,421.73643203883495,413.78080097087377,423.73449029126215,418.4106796116505,422.75148058252427,421.6446844660194,421.811359223301,419.4748786407767,420.4246359223301,412.182645631068,407.8739563106796,406.1611650485437
Carbs (g/day),466.78781553398056,455.3952427184466,460.8733009708738,461.8202184466019,461.6839805825242,459.01050970873786,453.8015533980582,445.45745145631065,437.3210436893204,430.52582524271844,430.6740776699029,428.2746359223301,435.22356796116503,435.17378640776695,433.57762135922326,433.06327669902913,434.0389805825243,433.8335436893204,428.7620145631068,430.05490291262134,429.53684466019416
Carbs (g/day),383.27944174757283,384.94995145631066,398.9112621359223,408.05606796116507,407.2954611650485,411.18604368932034,411.3344174757281,412.1134708737864,410.83842233009705,417.0802184466019,440.3782281553398,436.44252427184466,457.708713592233,445.5758009708738,445.3448058252427,446.5899029126213,453.8343203883495,450.5194174757282,457.6560922330097,439.84502427184464,445.8094660194174
Carbs (g/day),366.69531553398053,349.00939320388346,351.92143203883495,360.7743932038835,363.38283980582526,375.849927184466,392.50609223300967,398.8108495145631,399.5121359223301,402.0593689320388,465.4910679611651,469.192427184466,481.74679611650487,489.30941747572814,485.4659223300971,497.9034708737863,495.4025,478.4814077669903,493.5666019417476,492.25325242718446,486.18225728155335
Carbs (g/day),366.94776699029126,369.7598058252427,377.85257281553396,386.2954368932039,388.72582524271843,390.9066504854369,393.24094660194174,392.5696116504854,391.4106796116505,392.19271844660193,386.6523786407767,381.2407524271845,377.9028640776699,373.2796359223301,374.22111650485436,373.3300485436893,375.31012135922333,381.8642718446602,377.9544902912621,379.42597087378635,386.34686893203883
Carbs (g/day),379.6397087378641,389.5488349514563,335.21783980582524,374.95543689320385,374.05813106796114,391.833932038835,390.05703883495147,398.2515533980582,415.2417718446602,428.4379611650485,412.2007281553398,402.97733009708736,389.41757281553396,383.84757281553397,391.35570388349515,350.04737864077674,309.7691747572816,341.4210436893204,297.76849514563105,309.826213592233,334.8506796116505
Carbs (g/day),415.376286407767,421.6664805825243,429.1376213592233,436.07815533980585,440.2959951456311,427.7488349514563,421.0678640776699,426.5830582524272,433.20495145631065,426.96509708737864,437.34196601941744,438.69519417475726,446.4014563106796,444.04177184466016,452.03555825242717,453.50487864077667,456.35674757281555,458.732208737864,457.0629854368932,468.5623058252427,470.5779611650485
Carbs (g/day),339.68932038834953,338.87128640776695,335.27041262135924,327.14276699029125,326.22344660194176,329.6733980582524,332.37305825242714,340.2925242718447,339.90070388349517,344.69077669902913,369.2624029126214,358.9930582524272,364.69264563106793,356.39245145631065,344.06912621359226,331.253786407767,314.43849514563107,325.0401941747573,322.64679611650485,331.34308252427184,335.0094174757282
Carbs (g/day),345.53322815533977,342.13606796116505,333.98160194174756,341.33033980582525,327.1690533980582,321.1518446601942,321.27252427184465,307.1478155339806,303.2607766990291,308.4280097087379,312.9813834951456,308.47873786407763,310.4445631067961,325.0888349514563,335.93708737864074,335.3573786407767,354.4885922330097,364.41567961165043,366.96067961165045,376.76825242718445,398.5775485436893
Carbs (g/day),340.11868932038834,346.4876941747573,345.47186893203883,338.21621359223303,345.1565048543689,337.57864077669905,354.9858009708738,348.59429611650484,338.44036407766987,346.5171844660194,310.4515776699029,307.2772330097087,319.68640776699027,320.19373786407766,309.59983009708736,294.64703883495145,297.67458737864075,288.14936893203884,288.27296116504857,250.0109223300971,265.1953155339806
