region,190_percent_2002,190_percent_2003,190_percent_2004,190_percent_2005,190_percent_2006,190_percent_2007,190_percent_2008,190_percent_2009,190_percent_2010,190_percent_2011,190_percent_2012,190_percent_2013,190_percent_2014,190_percent_2015,190_percent_2016,190_percent_2017,190_percent_2018,190_percent_2019,190_percent_2020,190_percent_2021,320_percent_2002,320_percent_2003,320_percent_2004,320_percent_2005,320_percent_2006,320_percent_2007,320_percent_2008,320_percent_2009,320_percent_2010,320_percent_2011,320_percent_2012,320_percent_2013,320_percent_2014,320_percent_2015,320_percent_2016,320_percent_2017,320_percent_2018,320_percent_2019,320_percent_2020,320_percent_2021,65_years_2021,at_least_basic_sanitation_2000,at_least_basic_sanitation_2001,at_least_basic_sanitation_2002,at_least_basic_sanitation_2003,at_least_basic_sanitation_2004,at_least_basic_sanitation_2005,at_least_basic_sanitation_2006,at_least_basic_sanitation_2007,at_least_basic_sanitation_2008,at_least_basic_sanitation_2009,at_least_basic_sanitation_2010,at_least_basic_sanitation_2011,at_least_basic_sanitation_2012,at_least_basic_sanitation_2013,at_least_basic_sanitation_2014,at_least_basic_sanitation_2015,at_least_basic_sanitation_2016,at_least_basic_sanitation_2017,at_least_basic_sanitation_2018,at_least_basic_sanitation_2019,at_least_basic_sanitation_2020,at_least_basic_water_2000,at_least_basic_water_2001,at_least_basic_water_2002,at_least_basic_water_2003,at_least_basic_water_2004,at_least_basic_water_2005,at_least_basic_water_2006,at_least_basic_water_2007,at_least_basic_water_2008,at_least_basic_water_2009,at_least_basic_water_2010,at_least_basic_water_2011,at_least_basic_water_2012,at_least_basic_water_2013,at_least_basic_water_2014,at_least_basic_water_2015,at_least_basic_water_2016,at_least_basic_water_2017,at_least_basic_water_2018,at_least_basic_water_2019,at_least_basic_water_2020,basic_sanitation_2000,basic_sanitation_2001,basic_sanitation_2002,basic_sanitation_2003,basic_sanitation_2004,basic_sanitation_2005,basic_sanitation_2006,basic_sanitation_2007,basic_sanitation_2008,basic_sanitation_2009,basic_sanitation_2010,basic_sanitation_2011,basic_sanitation_2012,basic_sanitation_2013,basic_sanitation_2014,basic_sanitation_2015,basic_sanitation_2016,basic_sanitation_2017,basic_sanitation_2018,basic_sanitation_2019,basic_sanitation_2020,basic_water_2000,basic_water_2001,basic_water_2002,basic_water_2003,basic_water_2004,basic_water_2005,basic_water_2006,basic_water_2007,basic_water_2008,basic_water_2009,basic_water_2010,basic_water_2011,basic_water_2012,basic_water_2013,basic_water_2014,basic_water_2015,basic_water_2016,basic_water_2017,basic_water_2018,basic_water_2019,basic_water_2020,early_childbearing_prev_2015-2021,female_secondary_enroll_net_2016,female_secondary_enroll_net_2017,female_secondary_enroll_net_2018,female_secondary_enroll_net_2019,female_secondary_enroll_net_2020,GDP_capita_PPP_2011,GDP_capita_PPP_2012,GDP_capita_PPP_2013,GDP_capita_PPP_2014,GDP_capita_PPP_2015,GDP_capita_PPP_2016,GDP_capita_PPP_2017,GDP_capita_PPP_2018,GDP_capita_PPP_2019,GDP_capita_PPP_2020,GDP_capita_PPP_2021,gender.inequality.index_2021,limited_sanitation_2000,limited_sanitation_2001,limited_sanitation_2002,limited_sanitation_2003,limited_sanitation_2004,limited_sanitation_2005,limited_sanitation_2006,limited_sanitation_2007,limited_sanitation_2008,limited_sanitation_2009,limited_sanitation_2010,limited_sanitation_2011,limited_sanitation_2012,limited_sanitation_2013,limited_sanitation_2014,limited_sanitation_2015,limited_sanitation_2016,limited_sanitation_2017,limited_sanitation_2018,limited_sanitation_2019,limited_sanitation_2020,limited_water_2000,limited_water_2001,limited_water_2002,limited_water_2003,limited_water_2004,limited_water_2005,limited_water_2006,limited_water_2007,limited_water_2008,limited_water_2009,limited_water_2010,limited_water_2011,limited_water_2012,limited_water_2013,limited_water_2014,limited_water_2015,limited_water_2016,limited_water_2017,limited_water_2018,limited_water_2019,limited_water_2020,nurses_and_midwives_2017,open_defecation_2000,open_defecation_2001,open_defecation_2002,open_defecation_2003,open_defecation_2004,open_defecation_2005,open_defecation_2006,open_defecation_2007,open_defecation_2008,open_defecation_2009,open_defecation_2010,open_defecation_2011,open_defecation_2012,open_defecation_2013,open_defecation_2014,open_defecation_2015,open_defecation_2016,open_defecation_2017,open_defecation_2018,open_defecation_2019,open_defecation_2020,physicians_2017,population_2021,rural_percent_2020,safely_managed_sanitation_2000,safely_managed_sanitation_2001,safely_managed_sanitation_2002,safely_managed_sanitation_2003,safely_managed_sanitation_2004,safely_managed_sanitation_2005,safely_managed_sanitation_2006,safely_managed_sanitation_2007,safely_managed_sanitation_2008,safely_managed_sanitation_2009,safely_managed_sanitation_2010,safely_managed_sanitation_2011,safely_managed_sanitation_2012,safely_managed_sanitation_2013,safely_managed_sanitation_2014,safely_managed_sanitation_2015,safely_managed_sanitation_2016,safely_managed_sanitation_2017,safely_managed_sanitation_2018,safely_managed_sanitation_2019,safely_managed_sanitation_2020,safely_managed_water_2000,safely_managed_water_2001,safely_managed_water_2002,safely_managed_water_2003,safely_managed_water_2004,safely_managed_water_2005,safely_managed_water_2006,safely_managed_water_2007,safely_managed_water_2008,safely_managed_water_2009,safely_managed_water_2010,safely_managed_water_2011,safely_managed_water_2012,safely_managed_water_2013,safely_managed_water_2014,safely_managed_water_2015,safely_managed_water_2016,safely_managed_water_2017,safely_managed_water_2018,safely_managed_water_2019,safely_managed_water_2020,surface_water_2000,surface_water_2001,surface_water_2002,surface_water_2003,surface_water_2004,surface_water_2005,surface_water_2006,surface_water_2007,surface_water_2008,surface_water_2009,surface_water_2010,surface_water_2011,surface_water_2012,surface_water_2013,surface_water_2014,surface_water_2015,surface_water_2016,surface_water_2017,surface_water_2018,surface_water_2019,surface_water_2020,u5_pop_2021,undernourishment_prev_2001,undernourishment_prev_2002,undernourishment_prev_2003,undernourishment_prev_2004,undernourishment_prev_2005,undernourishment_prev_2006,undernourishment_prev_2007,undernourishment_prev_2008,undernourishment_prev_2009,undernourishment_prev_2010,undernourishment_prev_2011,undernourishment_prev_2012,undernourishment_prev_2013,undernourishment_prev_2014,undernourishment_prev_2015,undernourishment_prev_2016,undernourishment_prev_2017,undernourishment_prev_2018,unimproved_sanitation_2000,unimproved_sanitation_2001,unimproved_sanitation_2002,unimproved_sanitation_2003,unimproved_sanitation_2004,unimproved_sanitation_2005,unimproved_sanitation_2006,unimproved_sanitation_2007,unimproved_sanitation_2008,unimproved_sanitation_2009,unimproved_sanitation_2010,unimproved_sanitation_2011,unimproved_sanitation_2012,unimproved_sanitation_2013,unimproved_sanitation_2014,unimproved_sanitation_2015,unimproved_sanitation_2016,unimproved_sanitation_2017,unimproved_sanitation_2018,unimproved_sanitation_2019,unimproved_sanitation_2020,unimproved_water_2000,unimproved_water_2001,unimproved_water_2002,unimproved_water_2003,unimproved_water_2004,unimproved_water_2005,unimproved_water_2006,unimproved_water_2007,unimproved_water_2008,unimproved_water_2009,unimproved_water_2010,unimproved_water_2011,unimproved_water_2012,unimproved_water_2013,unimproved_water_2014,unimproved_water_2015,unimproved_water_2016,unimproved_water_2017,unimproved_water_2018,unimproved_water_2019,unimproved_water_2020
Africa,46.99,47.0,44.96,43.81,42.92,42.16,41.38,41.36,40.15,38.48,37.08,36.77,35.84,35.6,35.64,35.11,34.71,34.16,34.39,33.32,69.0,69.22,68.25,67.24,65.98,65.23,64.48,64.02,62.92,61.92,60.52,60.29,59.58,59.42,59.66,59.22,58.99,58.51,58.74,57.4,48363.1,,,,,,,,,,,,,,,,,,,,,,,,,,,,,,,,,,,,,,,,,,,,,,,,,,,,,,,,,,,,,,,,,,,,,,,,,,,,,,,,,,,,,,,,,,,4837.83,4883.91,4900.58,4931.96,4968.89,4942.21,4957.64,5002.17,5042.3,4818.0,4946.02,,,,,,,,,,,,,,,,,,,,,,,,,,,,,,,,,,,,,,,,,,,,,,,,,,,,,,,,,,,,,,,,,,,1393676.44,56.55,,,,,,,,,,,,,,,,,,,,,,,,,,,,,,,,,,,,,,,,,,,,,,,,,,,,,,,,,,,,,,,,207449.33,23.8,23.4,23.2,22.4,21.4,20.6,20.1,19.7,19.3,18.8,18.4,18.1,17.9,18.0,18.2,18.5,18.6,18.8,,,,,,,,,,,,,,,,,,,,,,,,,,,,,,,,,,,,,,,,,,
Asia,30.3,28.57,26.14,23.15,22.78,20.94,19.91,18.48,16.01,12.78,11.43,8.89,7.88,6.96,6.1,5.39,4.83,4.48,5.08,4.19,58.95,57.43,54.74,51.46,50.47,47.98,46.53,44.71,41.51,37.73,35.46,31.53,29.39,27.35,25.29,23.31,21.79,20.94,22.09,20.17,440663.68,,,,,,,,,,,,,,,,,,,,,,,,,,,,,,,,,,,,,,,,,,,28.28,28.77,29.7,29.9,29.85,29.91,29.92,29.87,29.79,29.66,29.49,29.29,29.05,28.78,28.48,28.15,27.78,27.38,26.99,26.57,26.91,23.88,23.95,23.75,23.9,24.04,24.17,24.3,24.43,24.54,23.93,23.32,22.49,21.62,20.77,19.91,19.05,18.17,17.29,16.41,15.52,14.74,,,,,,,9461.52,9861.32,10299.76,10734.56,11194.03,11672.1,12165.01,12652.44,13031.14,12741.84,13554.29,,5.4,5.63,5.87,6.09,6.29,6.47,6.63,6.75,6.86,6.96,7.04,7.1,7.16,7.19,7.22,7.23,7.23,7.21,7.19,7.17,7.14,2.13,2.13,2.15,2.17,2.19,2.23,2.25,2.28,2.3,2.33,2.35,2.38,2.4,2.42,2.43,2.45,2.47,2.49,2.5,2.52,2.53,,27.67,26.66,25.58,24.49,23.4,22.3,21.2,20.09,18.99,17.87,16.76,15.64,14.52,13.4,12.28,11.17,10.07,9.12,8.03,6.96,5.91,,4694576.17,48.92,18.29,19.06,20.0,21.63,23.51,25.29,27.13,29.04,30.99,32.99,35.02,37.07,39.16,41.27,43.41,45.58,47.77,49.98,52.17,54.34,55.75,58.14,58.51,59.44,59.94,60.45,60.94,61.42,61.91,62.39,63.57,64.74,66.12,67.51,68.88,70.25,71.61,72.97,74.32,75.66,76.99,78.19,2.91,2.82,2.73,2.64,2.55,2.4,2.26,2.12,2.0,1.87,1.74,1.61,1.49,1.38,1.26,1.15,1.04,0.94,0.85,0.77,0.72,353277.51,14.9,15.1,15.1,14.7,14.2,13.2,12.1,11.3,10.7,10.1,9.6,9.4,9.2,8.9,8.7,8.5,8.4,8.3,20.37,19.86,18.84,17.89,16.95,16.03,15.13,14.24,13.37,12.52,11.7,10.89,10.11,9.35,8.6,7.87,7.16,6.3,5.62,4.96,4.29,12.94,12.58,11.94,11.35,10.77,10.26,9.76,9.27,8.78,8.31,7.85,7.41,6.98,6.56,6.14,5.74,5.35,4.96,4.58,4.21,3.81
Australia and New Zealand,0.84,1.0,0.5,0.46,0.43,0.4,0.36,0.36,0.35,0.39,0.42,0.46,0.5,0.5,0.5,0.5,0.5,0.5,0.5,0.5,1.12,1.24,0.71,0.7,0.69,0.68,0.67,0.67,0.68,0.69,0.71,0.73,0.74,0.74,0.74,0.74,0.74,0.74,0.74,0.74,5111.98,,,,,,,,,,,,,,,,,,,,,,,,,,,,,,,,,,,,,,,,,,,,,,,,,,,,,,,,,,,,,,,,,,,,,,,,,,,,,,,,,,,,,,,,,,,45078.54,45964.64,46296.13,46855.92,47294.28,47807.33,48224.59,48802.27,49059.22,47652.97,49864.46,,,,,,,,,,,,,,,,,,,,,,,,,,,,,,,,,,,,,,,,,,,,,,,,,,,,,,,,,,,,,,,,,,,31050.82,13.69,,,,,,,,,,,,,,,,,,,,,,,,,,,,,,,,,,,,,,,,,,,,,,,,,,,,,,,,,,,,,,,,1847.71,2.4,2.4,2.4,2.4,2.4,2.4,2.4,2.4,2.4,2.4,2.4,2.4,2.4,2.4,2.4,2.4,2.4,2.4,,,,,,,,,,,,,,,,,,,,,,,,,,,,,,,,,,,,,,,,,,
Caribbean,28.12,28.05,28.91,27.37,26.67,26.19,25.97,24.16,25.06,23.81,11.46,10.87,10.93,10.47,9.91,9.12,8.68,9.01,9.85,9.67,39.53,40.23,42.26,39.46,38.16,37.65,37.92,36.21,37.01,35.3,26.62,25.28,24.63,23.27,22.36,21.12,20.31,20.61,21.65,21.4,4567.74,,,,,,,,,,,,,,,,,,,,,,,,,,,,,,,,,,,,,,,,,,,,,,,,,,,,,,,,,,,,,,,,,,,,,,,,,,,,,,,,,,,,,,,,,,,10265.29,10301.3,10514.54,10827.2,11206.34,11457.04,11663.05,12086.62,12335.5,11307.59,12095.45,,,,,,,,,,,,,,,,,,,,,,,,,,,,,,,,,,,,,,,,,,,,,,,,,,,,,,,,,,,,,,,,,,,44182.05,27.82,,,,,,,,,,,,,,,,,,,,,,,,,,,,,,,,,,,,,,,,,,,,,,,,,,,,,,,,,,,,,,,,3387.74,21.1,21.9,22.3,22.4,21.3,20.5,20.3,20.1,19.3,18.4,17.9,18.0,17.7,17.4,17.1,17.0,16.9,16.7,,,,,,,,,,,,,,,,,,,,,,,,,,,,,,,,,,,,,,,,,,
Central America,8.53,8.86,8.18,8.54,6.19,6.01,6.52,6.43,5.73,5.35,5.26,4.98,4.75,4.06,3.48,3.24,3.11,3.01,3.44,3.15,21.29,20.96,19.21,19.16,16.05,15.73,16.38,16.54,15.04,14.41,14.69,14.2,13.93,12.35,10.54,9.81,9.42,9.3,10.62,9.78,13403.38,,,,,,,,,,,,,,,,,,,,,,,,,,,,,,,,,,,,,,,,,,,,,,,,,,,,,,,,,,,,,,,,,,,,,,,,,,,,,,,,,,,,,,,,,,,15689.4,16071.73,16134.22,16404.84,16757.19,17020.5,17232.26,17423.96,17278.37,15707.87,16438.59,,,,,,,,,,,,,,,,,,,,,,,,,,,,,,,,,,,,,,,,,,,,,,,,,,,,,,,,,,,,,,,,,,,177661.93,24.63,,,,,,,,,,,,,,,,,,,,,,,,,,,,,,,,,,,,,,,,,,,,,,,,,,,,,,,,,,,,,,,,14833.27,7.5,7.4,7.8,8.1,8.0,7.5,7.5,7.7,7.9,7.7,7.6,7.3,7.2,7.3,7.9,8.3,8.4,8.7,,,,,,,,,,,,,,,,,,,,,,,,,,,,,,,,,,,,,,,,,,
Central Asia,36.2,36.61,31.34,30.11,25.6,22.73,19.16,16.63,15.03,13.13,11.6,10.09,8.77,7.85,6.84,6.33,5.77,5.26,5.1,4.61,64.07,62.31,55.74,56.31,48.81,45.47,41.65,39.13,37.55,35.31,33.01,31.05,28.53,26.84,24.9,23.6,21.73,20.21,19.78,17.94,4145.87,,,,,,,,,,,,,,,,,,,,,,,,,,,,,,,,,,,,,,,,,,,,,,,,,,,,,,,,,,,,,,,,,,,,,,,,,,,,,,,,,,,,,,,,,,,10105.02,10496.89,10903.01,11244.63,11385.27,11448.3,11747.63,12040.65,12289.13,11903.43,12313.33,,,,,,,,,,,,,,,,,,,,,,,,,,,,,,,,,,,,,,,,,,,,,,,,,,,,,,,,,,,,,,,,,,,75897.58,51.67,,,,,,,,,,,,,,,,,,,,,,,,,,,,,,,,,,,,,,,,,,,,,,,,,,,,,,,,,,,,,,,,8617.27,13.3,13.8,13.3,12.2,11.1,9.7,8.9,8.4,8.1,7.6,7.1,6.6,5.4,4.1,3.1,3.0,3.0,2.9,,,,,,,,,,,,,,,,,,,,,,,,,,,,,,,,,,,,,,,,,,
Eastern Africa,59.43,61.13,56.47,54.26,52.95,51.79,51.15,50.62,49.44,48.34,48.23,47.75,47.4,47.29,46.9,45.81,44.65,43.43,43.3,41.76,82.6,83.82,81.81,80.31,79.42,78.74,78.34,77.81,76.66,75.93,75.78,75.37,75.0,74.67,74.04,72.57,71.04,69.41,68.66,67.32,13245.58,,,,,,,,,,,,,,,,,,,,,,,,,,,,,,,,,,,,,,,,,,,,,,,,,,,,,,,,,,,,,,,,,,,,,,,,,,,,,,,,,,,,,,,,,,,2104.82,2098.99,2165.03,2246.47,2324.53,2374.7,2453.82,2536.64,2620.15,2580.15,2657.64,,,,,,,,,,,,,,,,,,,,,,,,,,,,,,,,,,,,,,,,,,,,,,,,,,,,,,,,,,,,,,,,,,,461141.84,71.03,,,,,,,,,,,,,,,,,,,,,,,,,,,,,,,,,,,,,,,,,,,,,,,,,,,,,,,,,,,,,,,,70301.01,37.9,37.2,37.0,35.3,33.4,31.8,31.4,30.6,29.7,28.6,27.9,27.4,27.0,26.8,26.7,26.9,26.9,26.9,,,,,,,,,,,,,,,,,,,,,,,,,,,,,,,,,,,,,,,,,,
Eastern Asia,27.92,24.58,20.65,16.37,15.33,13.88,13.14,11.62,9.91,7.03,5.79,1.71,1.27,0.71,0.53,0.38,0.29,0.24,0.23,0.2,50.85,47.81,43.73,38.14,35.73,32.61,30.65,28.13,25.27,20.86,17.94,10.81,8.51,6.27,4.88,3.46,2.5,1.93,1.8,1.39,241709.49,,,,,,,,,,,,,,,,,,,,,,,,,,,,,,,,,,,,,,,,,,,,,,,,,,,,,,,,,,,,,,,,,,,,,,,,,,,,,,,,,,,,,,,,,,,12812.27,13469.05,14205.2,14887.97,15631.72,16356.06,17184.17,18022.88,18784.31,18914.53,20179.66,,,,,,,,,,,,,,,,,,,,,,,,,,,,,,,,,,,,,,,,,,,,,,,,,,,,,,,,,,,,,,,,,,,1663696.92,35.18,,,,,,,,,,,,,,,,,,,,,,,,,,,,,,,,,,,,,,,,,,,,,,,,,,,,,,,,,,,,,,,,84131.01,9.9,9.6,9.1,8.3,7.7,7.0,6.2,5.3,4.5,3.6,2.7,2.4,2.4,2.4,2.4,2.4,2.4,2.4,,,,,,,,,,,,,,,,,,,,,,,,,,,,,,,,,,,,,,,,,,
Eastern Europe,1.38,1.0,0.86,0.76,0.54,0.15,0.1,0.09,0.11,0.1,0.1,0.06,0.53,0.45,0.13,0.3,0.21,0.18,0.2,0.16,7.55,6.25,5.23,4.13,3.08,1.94,1.05,0.95,0.94,0.78,0.76,0.67,1.25,1.27,0.61,0.84,0.67,0.6,0.66,0.6,49717.09,,,,,,,,,,,,,,,,,,,,,,,,,,,,,,,,,,,,,,,,,,,,,,,,,,,,,,,,,,,,,,,,,,,,,,,,,,,,,,,,,,,,,,,,,,,22622.15,23194.15,23539.16,23675.97,23553.94,23894.59,24661.11,25582.66,26395.54,25655.42,27004.75,,,,,,,,,,,,,,,,,,,,,,,,,,,,,,,,,,,,,,,,,,,,,,,,,,,,,,,,,,,,,,,,,,,291464.16,30.09,,,,,,,,,,,,,,,,,,,,,,,,,,,,,,,,,,,,,,,,,,,,,,,,,,,,,,,,,,,,,,,,14916.35,3.0,2.6,2.4,2.4,2.4,2.4,2.4,2.4,2.4,2.4,2.4,2.4,2.4,2.4,2.4,2.4,2.4,2.4,,,,,,,,,,,,,,,,,,,,,,,,,,,,,,,,,,,,,,,,,,
Europe,0.78,0.64,0.54,0.53,0.39,0.21,0.21,0.26,0.29,0.33,0.36,0.31,0.53,0.5,0.41,0.43,0.33,0.32,0.34,0.32,3.57,3.02,2.56,2.11,1.59,1.09,0.74,0.76,0.82,0.78,0.88,0.78,1.11,1.03,0.87,0.85,0.69,0.64,0.7,0.66,144326.11,,,,,,,,,,,,,,,,,,,,,,,,,,,,,,,,,,,,,,,,,,,29.16,23.7,23.57,23.43,23.23,23.0,22.84,22.64,22.43,22.06,21.68,21.3,20.93,25.77,25.43,19.9,19.57,19.26,18.96,23.69,23.58,8.81,8.72,8.63,8.53,8.2,7.78,7.47,7.16,6.86,6.56,6.28,6.0,5.74,5.5,5.41,5.39,5.36,5.33,5.3,5.27,5.27,,,,,,,35065.02,35117.4,35258.57,35678.3,36101.69,36664.8,37592.27,38407.78,39120.23,36905.82,38932.23,,1.04,1.0,1.0,1.0,1.0,0.99,0.98,0.97,0.96,0.95,0.94,0.93,0.92,0.91,0.9,0.9,0.9,0.89,0.89,0.89,0.89,0.37,0.37,0.37,0.37,0.41,0.41,0.44,0.47,0.5,0.53,0.55,0.58,0.61,0.61,0.64,0.63,0.62,0.61,0.6,0.6,0.59,,0.02,0.02,0.02,0.02,0.02,0.01,0.01,0.01,0.01,0.01,0.01,0.01,0.0,0.0,0.0,0.0,0.0,0.0,0.0,0.0,0.0,,745173.77,25.12,64.94,70.23,70.5,70.77,71.11,71.49,71.82,72.18,72.55,73.08,73.61,74.15,74.66,69.97,70.45,76.12,76.58,77.02,77.42,72.79,72.98,89.39,89.5,89.63,89.78,90.11,90.63,90.95,91.27,91.58,91.88,92.19,92.48,92.77,93.03,93.13,93.21,93.28,93.36,93.43,93.5,93.54,0.19,0.19,0.19,0.19,0.19,0.16,0.16,0.16,0.04,0.04,0.03,0.04,0.04,0.04,0.05,0.05,0.05,0.05,0.05,0.05,0.05,36504.94,2.4,2.4,2.4,2.4,2.4,2.4,2.4,2.4,2.4,2.4,2.4,2.4,2.4,2.4,2.4,2.4,2.4,2.4,4.83,5.05,4.91,4.78,4.64,4.51,4.36,4.2,4.05,3.91,3.76,3.62,3.48,3.35,3.21,3.08,2.94,2.83,2.73,2.63,2.55,1.24,1.22,1.18,1.13,1.09,1.01,0.98,0.94,1.02,0.99,0.94,0.9,0.86,0.82,0.77,0.73,0.69,0.65,0.62,0.59,0.56
Global,25.92,24.89,23.11,21.15,20.74,19.52,18.84,18.02,16.37,14.25,13.22,11.68,11.0,10.48,10.03,9.62,9.28,9.09,9.64,9.0,47.7,46.8,44.93,42.72,41.8,40.12,39.14,38.0,35.91,33.55,32.0,29.63,28.34,27.16,26.06,24.92,24.08,23.66,24.64,23.36,761272.6,,,,,,,,,,,,,,,,,,,,,,,,,,,,,,,,,,,,,,,,,,,27.08,27.36,27.93,27.98,27.85,27.95,27.87,27.75,27.6,27.42,27.19,26.92,26.64,26.35,26.04,25.71,25.36,24.99,24.62,24.25,24.36,19.96,20.03,20.0,20.19,20.37,20.54,20.71,20.88,21.06,20.74,20.44,19.96,19.5,19.01,18.52,18.02,17.53,17.04,16.55,16.1,15.84,14.4,65.77,66.31,66.75,66.85,67.08,14302.55,14554.45,14842.13,15154.11,15476.83,15782.06,16183.74,16589.76,16886.76,16173.32,17060.34,0.47,5.62,5.8,5.98,6.14,6.3,6.42,6.56,6.67,6.77,6.86,6.95,7.03,7.1,7.16,7.22,7.27,7.31,7.35,7.39,7.42,7.44,2.5,2.54,2.59,2.64,2.7,2.76,2.81,2.87,2.93,2.99,3.05,3.14,3.2,3.26,3.31,3.37,3.42,3.47,3.53,3.58,3.62,3.96,21.45,20.76,20.02,19.28,18.52,17.76,16.98,16.2,15.42,14.64,13.85,13.14,12.36,11.57,10.79,10.01,9.23,8.54,7.79,7.05,6.34,1.76,7909295.15,43.83,28.64,29.14,29.75,30.85,32.14,33.26,34.51,35.83,37.17,38.54,39.95,41.31,42.75,44.2,45.67,47.14,48.63,50.12,51.59,53.02,53.95,61.73,61.99,62.54,62.83,63.12,63.4,63.69,63.98,64.26,65.01,65.76,66.6,67.48,68.39,69.3,70.2,71.09,71.98,72.85,73.66,74.27,4.05,3.97,3.87,3.76,3.66,3.52,3.37,3.24,3.09,2.95,2.81,2.7,2.57,2.43,2.3,2.16,2.03,1.9,1.77,1.65,1.56,671477.3,13.4,13.4,13.4,13.0,12.5,11.7,11.0,10.5,10.0,9.6,9.3,9.1,8.9,8.8,8.8,8.8,8.8,8.8,17.2,16.94,16.33,15.75,15.19,14.6,14.08,13.55,13.04,12.54,12.06,11.6,11.15,10.71,10.28,9.87,9.47,9.0,8.62,8.26,7.91,11.76,11.46,11.0,10.58,10.16,9.79,9.41,9.03,8.67,8.3,7.94,7.59,7.25,6.91,6.57,6.25,5.93,5.61,5.31,5.01,4.71
Latin America and the Caribbean,11.94,11.39,10.32,9.75,7.93,7.43,6.97,6.6,5.99,5.52,4.6,4.12,3.84,3.77,3.92,3.99,4.04,4.51,5.33,5.25,24.77,24.06,22.29,20.69,17.76,16.54,15.58,14.86,13.56,12.5,11.58,10.7,10.21,9.89,9.89,9.8,9.95,10.7,12.26,11.84,58991.33,,,,,,,,,,,,,,,,,,,,,,,,,,,,,,,,,,,,,,,,,,,58.96,59.33,59.67,59.66,59.59,60.15,60.07,59.98,59.87,59.74,59.59,59.42,59.09,58.74,58.36,57.94,57.5,56.81,56.2,55.58,54.97,18.81,18.9,19.02,19.13,19.24,19.35,19.45,19.56,19.64,19.69,19.75,19.8,20.06,20.32,20.57,20.82,21.05,21.31,21.53,21.74,21.96,,,,,,,15369.18,15602.44,15887.64,15966.8,15911.58,15757.46,15908.27,16019.35,15947.47,14717.38,15583.86,,5.22,5.19,5.17,5.16,5.14,4.92,4.89,4.85,4.81,4.77,4.72,4.67,4.63,4.58,4.53,4.48,4.43,4.37,4.33,4.27,4.22,0.88,0.85,0.81,0.78,0.75,0.72,0.68,0.65,0.62,0.62,0.61,0.61,0.61,0.6,0.59,0.59,0.58,0.53,0.54,0.52,0.44,,9.63,9.14,8.68,8.21,7.76,7.4,6.84,6.42,6.0,5.58,5.17,4.77,4.37,3.98,3.6,3.24,2.86,2.49,2.16,1.81,1.51,,656098.1,18.82,15.18,15.61,16.03,16.8,17.62,18.38,19.2,20.05,20.9,21.77,22.65,23.54,24.6,25.67,26.76,27.87,29.0,30.3,31.54,32.8,34.07,71.74,72.06,72.37,72.66,72.95,73.23,73.52,73.8,74.09,74.38,74.66,74.94,75.0,75.06,75.12,75.18,75.23,75.3,75.34,75.35,75.38,2.65,2.56,2.5,2.41,2.31,2.22,2.13,2.04,1.96,1.87,1.78,1.7,1.61,1.52,1.41,1.27,1.16,1.1,1.02,0.93,0.85,49739.68,10.8,10.3,9.9,9.3,8.7,8.1,7.5,7.3,7.0,6.7,6.4,6.1,5.9,5.9,6.2,6.6,6.9,7.2,11.01,10.73,10.45,10.17,9.89,9.15,8.99,8.71,8.42,8.15,7.87,7.59,7.31,7.04,6.77,6.48,6.22,6.03,5.78,5.54,5.23,5.93,5.63,5.3,5.02,4.75,4.48,4.21,3.95,3.7,3.45,3.2,2.96,2.72,2.51,2.3,2.15,1.98,1.75,1.58,1.46,1.37
Melanesia,48.23,47.32,46.08,44.04,41.51,38.55,38.67,36.18,32.82,32.75,32.06,31.35,27.31,26.09,24.58,24.18,24.79,23.58,24.88,24.04,70.07,69.56,68.62,67.03,65.39,63.32,63.57,61.92,58.5,58.79,57.58,56.7,51.68,50.06,48.7,48.08,48.78,47.08,49.44,47.9,428.83,,,,,,,,,,,,,,,,,,,,,,,,,,,,,,,,,,,,,,,,,,,,,,,,,,,,,,,,,,,,,,,,,,,,,,,,,,,,,,,,,,,,,,,,,,,3791.73,3763.95,3833.52,4156.67,4305.77,4412.47,4493.93,4440.88,4483.78,4112.0,4047.01,,,,,,,,,,,,,,,,,,,,,,,,,,,,,,,,,,,,,,,,,,,,,,,,,,,,,,,,,,,,,,,,,,,12188.83,80.4,,,,,,,,,,,,,,,,,,,,,,,,,,,,,,,,,,,,,,,,,,,,,,,,,,,,,,,,,,,,,,,,1463.54,,,,,,,,,,,,,,,,,,,,,,,,,,,,,,,,,,,,,,,,,,,,,,,,,,,,,,,,,,,,
Micronesia,10.33,9.73,10.62,10.32,10.72,11.05,12.93,11.22,12.88,13.06,13.25,14.05,14.35,13.09,12.72,12.58,12.51,12.47,12.63,12.36,28.68,28.26,30.73,29.09,30.31,30.94,35.39,31.47,35.17,35.28,35.71,36.67,37.99,34.48,33.43,33.55,33.21,32.73,33.18,33.48,39.65,,,,,,,,,,,,,,,,,,,,,,,,,,,,,,,,,,,,,,,,,,,,,,,,,,,,,,,,,,,,,,,,,,,,,,,,,,,,,,,,,,,,,,,,,,,3416.53,3424.86,3464.64,3493.5,3649.53,3638.34,3606.37,3683.73,3710.09,3561.95,3361.31,,,,,,,,,,,,,,,,,,,,,,,,,,,,,,,,,,,,,,,,,,,,,,,,,,,,,,,,,,,,,,,,,,,534.61,30.78,,,,,,,,,,,,,,,,,,,,,,,,,,,,,,,,,,,,,,,,,,,,,,,,,,,,,,,,,,,,,,,,52.64,,,,,,,,,,,,,,,,,,,,,,,,,,,,,,,,,,,,,,,,,,,,,,,,,,,,,,,,,,,,
Middle Africa,68.62,68.86,67.3,66.24,65.78,64.15,62.67,63.18,60.93,59.36,57.07,55.74,54.25,53.91,54.9,55.68,55.99,56.14,56.78,55.73,82.3,82.63,81.46,80.77,80.74,79.92,79.09,79.68,78.3,77.58,75.77,74.84,73.47,73.42,74.39,75.1,75.46,75.66,76.22,75.52,5261.6,,,,,,,,,,,,,,,,,,,,,,,,,,,,,,,,,,,,,,,,,,,,,,,,,,,,,,,,,,,,,,,,,,,,,,,,,,,,,,,,,,,,,,,,,,,3174.94,3318.26,3345.02,3425.52,3384.25,3238.78,3158.2,3079.01,3027.43,2859.61,2828.37,,,,,,,,,,,,,,,,,,,,,,,,,,,,,,,,,,,,,,,,,,,,,,,,,,,,,,,,,,,,,,,,,,,190267.97,49.36,,,,,,,,,,,,,,,,,,,,,,,,,,,,,,,,,,,,,,,,,,,,,,,,,,,,,,,,,,,,,,,,33643.15,40.1,38.7,38.0,36.8,35.7,34.3,33.3,32.2,31.3,30.2,29.5,28.9,28.1,27.9,27.9,28.6,28.9,29.2,,,,,,,,,,,,,,,,,,,,,,,,,,,,,,,,,,,,,,,,,,
North America,0.7,0.92,0.93,0.93,0.93,0.93,0.93,0.93,0.93,0.92,0.92,0.95,1.15,1.15,0.92,1.15,0.92,0.92,0.92,0.92,0.94,1.16,1.15,1.15,1.15,1.15,1.15,0.93,1.15,1.15,1.15,1.17,1.4,1.17,1.17,1.4,1.17,1.17,1.17,1.17,63293.23,,,,,,,,,,,,,,,,,,,,,,99.36,99.36,99.36,99.36,99.37,,,,,,,,,,,,,,,,,25.08,24.92,24.77,24.58,24.39,24.22,24.05,23.87,23.7,23.53,23.05,22.56,22.08,21.6,21.11,20.68,20.25,19.82,19.39,18.96,18.56,,,,,,3.62,3.62,3.61,3.61,3.61,3.51,3.42,3.32,3.23,3.13,3.03,2.94,2.84,2.75,2.65,2.56,,,,,,,54030.06,54830.19,55461.06,56334.07,57341.37,57833.91,58768.4,60106.12,61120.18,58445.46,61513.73,,0.0,0.0,0.0,0.0,0.0,0.0,0.0,0.0,0.0,0.0,0.0,0.0,0.0,0.0,0.0,0.0,0.0,0.0,0.0,0.0,0.0,0.0,0.0,0.0,0.0,0.0,0.0,0.0,0.0,0.0,0.0,0.0,0.0,0.0,0.0,0.0,0.0,0.0,0.0,0.0,0.0,0.0,,0.0,0.0,0.0,0.0,0.0,0.0,0.0,0.0,0.0,0.0,0.0,0.0,0.0,0.0,0.0,0.0,0.0,0.0,0.0,0.0,0.0,,375278.95,17.44,74.8,74.96,75.11,75.3,75.49,75.65,75.82,75.99,76.15,76.32,76.78,77.24,77.7,78.16,78.62,79.03,79.44,79.85,80.26,80.66,81.06,,,,,,95.27,95.28,95.29,95.3,95.31,95.49,95.67,95.86,96.04,96.21,96.39,96.57,96.74,96.92,97.09,97.26,0.0,0.0,0.0,0.0,0.0,0.0,0.0,0.0,0.0,0.0,0.0,0.0,0.0,0.0,0.0,0.0,0.0,0.0,0.0,0.0,0.0,21072.87,2.4,2.4,2.4,2.4,2.4,2.4,2.4,2.4,2.4,2.4,2.4,2.4,2.4,2.4,2.4,2.4,2.4,2.4,0.12,0.12,0.12,0.12,0.12,0.13,0.13,0.14,0.14,0.15,0.17,0.2,0.22,0.24,0.26,0.29,0.31,0.33,0.35,0.37,0.39,0.64,0.64,0.64,0.64,0.63,1.11,1.1,1.1,1.09,1.08,1.0,0.91,0.82,0.74,0.66,0.57,0.49,0.41,0.34,0.26,0.18
Northern Africa,8.18,7.86,7.93,7.44,7.52,6.76,6.28,5.64,5.62,4.06,2.94,2.92,3.11,3.09,3.35,3.25,4.73,5.21,4.71,5.08,31.62,31.39,31.62,30.58,28.61,26.91,25.33,23.0,21.99,20.45,17.54,17.44,17.49,17.5,18.76,19.24,21.5,22.41,23.06,21.19,13699.44,73.97,74.26,74.63,,,,,,,,,,,,,,,,,,,,,,,,,,,,,,,,,,,,,,,,,,,56.33,55.96,55.73,55.5,55.29,55.08,54.87,54.65,54.43,54.18,53.93,53.67,53.41,53.15,52.65,52.17,51.67,51.31,14.37,14.35,13.98,13.61,13.25,12.78,12.32,11.86,11.41,10.96,10.51,10.59,10.71,10.82,10.95,11.07,11.2,11.43,11.65,11.86,12.07,,,,,,,9421.84,9646.77,9444.67,9268.96,9394.83,9502.21,9587.73,9754.69,9921.13,9481.26,9906.45,,6.88,6.81,6.65,6.48,6.32,6.21,6.1,5.97,5.84,5.71,5.58,5.44,5.36,5.28,5.19,5.1,5.02,4.9,4.78,4.66,4.55,5.46,5.51,5.53,5.55,5.57,5.68,5.8,5.91,6.01,6.12,6.22,6.33,6.41,6.49,6.57,6.65,6.72,6.68,6.66,6.64,6.62,,14.64,14.36,14.1,13.84,13.58,12.9,12.21,11.52,10.66,9.99,9.32,8.65,7.92,7.27,6.62,5.98,5.34,5.11,4.91,4.72,4.56,,255737.74,47.54,,,,18.66,19.4,20.15,20.92,21.68,22.45,23.22,24.0,24.79,25.56,26.33,27.1,27.88,28.65,29.43,30.18,30.94,31.56,66.47,66.8,67.5,68.18,68.87,69.9,70.93,71.97,73.0,74.03,75.05,75.53,76.01,76.48,76.94,77.39,77.8,77.9,77.98,78.04,78.09,1.96,1.95,1.94,1.92,1.91,1.92,1.92,1.92,1.92,1.92,1.93,1.93,1.93,1.93,1.93,1.93,1.93,1.92,1.9,1.88,1.87,29304.75,9.6,9.4,9.6,9.8,9.7,9.3,9.0,8.9,8.8,8.8,8.4,8.1,7.2,6.7,6.2,6.4,6.4,6.5,4.51,4.57,4.63,4.69,4.74,5.0,5.27,5.54,5.97,6.21,6.45,6.68,6.98,7.2,7.42,7.63,7.84,7.91,7.96,8.0,8.02,11.74,11.39,11.05,10.73,10.41,9.72,9.03,8.34,7.66,6.98,6.3,5.62,4.95,4.28,3.62,2.96,2.35,2.07,1.81,1.58,1.35
Northern America,0.7,0.92,0.93,0.93,0.93,0.93,0.93,0.93,0.93,0.92,0.92,0.95,1.15,1.15,0.92,1.15,0.92,0.92,0.92,0.92,0.94,1.16,1.15,1.15,1.15,1.15,1.15,0.93,1.15,1.15,1.15,1.17,1.4,1.17,1.17,1.4,1.17,1.17,1.17,1.17,63293.23,,,,,,,,,,,,,,,,,,,,,,99.36,99.36,99.36,99.36,99.37,,,,,,,,,,,,,,,,,25.08,24.92,24.77,24.58,24.39,24.22,24.05,23.87,23.7,23.53,23.05,22.56,22.08,21.6,21.11,20.68,20.25,19.82,19.39,18.96,18.56,,,,,,3.62,3.62,3.61,3.61,3.61,3.51,3.42,3.32,3.23,3.13,3.03,2.94,2.84,2.75,2.65,2.56,,,,,,,54030.06,54830.19,55461.06,56334.07,57341.37,57833.91,58768.4,60106.12,61120.18,58445.46,61513.73,,0.0,0.0,0.0,0.0,0.0,0.0,0.0,0.0,0.0,0.0,0.0,0.0,0.0,0.0,0.0,0.0,0.0,0.0,0.0,0.0,0.0,0.0,0.0,0.0,0.0,0.0,0.0,0.0,0.0,0.0,0.0,0.0,0.0,0.0,0.0,0.0,0.0,0.0,0.0,0.0,0.0,0.0,,0.0,0.0,0.0,0.0,0.0,0.0,0.0,0.0,0.0,0.0,0.0,0.0,0.0,0.0,0.0,0.0,0.0,0.0,0.0,0.0,0.0,,375278.95,17.44,74.8,74.96,75.11,75.3,75.49,75.65,75.82,75.99,76.15,76.32,76.78,77.24,77.7,78.16,78.62,79.03,79.44,79.85,80.26,80.66,81.06,,,,,,95.27,95.28,95.29,95.3,95.31,95.49,95.67,95.86,96.04,96.21,96.39,96.57,96.74,96.92,97.09,97.26,0.0,0.0,0.0,0.0,0.0,0.0,0.0,0.0,0.0,0.0,0.0,0.0,0.0,0.0,0.0,0.0,0.0,0.0,0.0,0.0,0.0,21072.87,2.4,2.4,2.4,2.4,2.4,2.4,2.4,2.4,2.4,2.4,2.4,2.4,2.4,2.4,2.4,2.4,2.4,2.4,0.12,0.12,0.12,0.12,0.12,0.13,0.13,0.14,0.14,0.15,0.17,0.2,0.22,0.24,0.26,0.29,0.31,0.33,0.35,0.37,0.39,0.64,0.64,0.64,0.64,0.63,1.11,1.1,1.1,1.09,1.08,1.0,0.91,0.82,0.74,0.66,0.57,0.49,0.41,0.34,0.26,0.18
Northern Europe,0.26,0.41,0.32,0.58,0.29,0.27,0.28,0.29,0.27,0.37,0.23,0.27,0.26,0.21,0.25,0.29,0.33,0.33,0.34,0.34,0.7,0.61,0.63,0.91,0.5,0.51,0.52,0.48,0.52,0.56,0.38,0.41,0.42,0.41,0.41,0.45,0.48,0.48,0.5,0.49,20363.28,,,,,,,,,,,,,,,,,,,,,,,,,,,,,,,,,,,,,,,,,,,5.11,5.02,4.92,4.82,4.71,4.6,4.48,4.4,4.27,4.14,4.0,3.82,3.64,3.47,3.31,3.16,2.96,2.84,2.81,2.79,2.77,1.79,1.75,1.71,1.68,1.55,1.43,1.3,1.18,1.07,0.96,0.85,0.75,0.64,0.54,0.45,0.4,0.4,0.39,0.38,0.38,0.37,,,,,,,44197.12,44445.7,44880.35,45877.34,47347.45,48043.99,49118.43,49948.18,50668.36,47568.34,50593.9,,0.98,0.99,0.99,1.0,1.01,1.03,1.04,1.05,1.05,1.06,1.07,1.08,1.08,1.09,1.09,1.09,1.1,1.1,1.1,1.11,1.11,0.02,0.02,0.02,0.02,0.02,0.02,0.02,0.02,0.01,0.01,0.01,0.01,0.01,0.01,0.01,0.01,0.01,0.01,0.01,0.01,0.01,,0.0,0.0,0.0,0.0,0.0,0.0,0.0,0.0,0.0,0.0,0.0,0.0,0.0,0.0,0.0,0.0,0.0,0.0,0.0,0.0,0.0,,106197.36,17.36,92.77,92.89,93.03,93.17,93.31,93.46,93.61,93.72,93.89,94.06,94.23,94.45,94.66,94.87,95.06,95.25,95.49,95.63,95.68,95.71,95.73,97.59,97.66,97.72,97.78,97.92,98.07,98.22,98.37,98.51,98.64,98.77,98.89,99.02,99.14,99.26,99.32,99.34,99.37,99.4,99.41,99.42,0.0,0.0,0.0,0.0,0.0,0.0,0.0,0.0,0.0,0.0,0.0,0.0,0.0,0.0,0.0,0.0,0.0,0.0,0.0,0.0,0.0,5727.08,2.4,2.4,2.4,2.4,2.4,2.4,2.4,2.4,2.4,2.4,2.4,2.4,2.4,2.4,2.4,2.4,2.4,2.4,1.14,1.1,1.06,1.01,0.97,0.92,0.87,0.83,0.79,0.74,0.7,0.66,0.61,0.57,0.53,0.5,0.46,0.42,0.4,0.4,0.39,0.6,0.58,0.55,0.53,0.51,0.48,0.46,0.43,0.41,0.39,0.37,0.35,0.32,0.3,0.28,0.26,0.24,0.23,0.2,0.2,0.2
Oceania,13.73,13.75,13.23,12.78,12.17,11.38,11.47,10.8,9.91,9.99,9.87,9.74,8.62,8.29,7.86,7.77,7.98,7.64,8.08,7.87,20.06,20.24,19.87,19.63,19.35,18.89,19.09,18.7,17.86,18.08,17.84,17.69,16.31,15.88,15.52,15.39,15.66,15.19,16.0,15.64,5635.14,,,,,,,,,,,,,,,,,,,,,,86.51,86.42,86.33,86.26,86.19,86.27,86.36,86.45,86.54,86.64,86.73,86.82,86.91,87.0,87.12,87.21,87.29,87.38,87.45,87.54,87.63,37.27,37.16,37.02,36.91,36.79,36.12,35.46,34.8,34.15,33.44,32.74,32.04,31.33,30.63,29.92,29.22,28.53,27.86,27.15,26.44,25.72,,,,,,,,,,,,,,,,,,,,,,,,,,,,33740.17,34297.84,34488.71,34912.49,35208.68,35557.46,35836.15,36197.8,36363.78,35203.44,36680.35,,1.06,1.06,1.07,1.07,1.07,1.08,1.08,1.08,1.09,1.1,1.12,1.13,1.15,1.18,1.2,1.22,1.25,1.3,1.31,1.34,1.38,0.37,0.39,0.4,0.4,0.4,0.41,0.42,0.42,0.43,0.44,0.45,0.47,0.48,0.49,0.51,0.52,0.54,0.56,0.58,0.59,0.61,,3.47,3.49,3.51,3.53,3.55,3.59,3.63,3.67,3.71,3.75,3.78,3.83,3.87,3.91,3.96,4.0,4.05,4.14,4.2,4.26,4.33,,44491.72,31.77,44.98,44.99,45.01,45.05,45.09,45.73,46.36,47.01,47.65,48.33,49.0,49.68,50.35,51.02,51.68,52.34,52.98,53.49,54.13,54.76,55.37,,,,,,,,,,,,,,,,,,,,,,8.83,8.91,8.98,9.04,9.1,8.96,8.83,8.68,8.51,8.36,8.21,8.05,7.89,7.73,7.57,7.4,7.24,7.07,6.9,6.74,6.56,3432.97,5.6,5.6,5.6,5.7,5.5,5.3,5.1,5.2,5.2,5.3,5.5,5.6,5.5,5.4,5.5,5.8,5.9,5.8,13.22,13.3,13.39,13.44,13.5,13.48,13.46,13.44,13.41,13.38,13.35,13.32,13.29,13.27,13.24,13.22,13.2,13.21,13.2,13.2,13.21,4.29,4.27,4.3,4.3,4.31,4.36,4.4,4.45,4.52,4.56,4.61,4.66,4.72,4.77,4.8,4.86,4.93,5.0,5.07,5.13,5.19
Polynesia,2.04,1.83,1.72,1.5,1.36,1.11,0.85,1.12,1.13,1.01,1.11,1.15,1.13,1.01,0.62,0.57,0.6,0.56,0.62,0.89,10.3,10.01,9.95,9.91,9.89,9.53,8.98,9.97,9.85,9.18,9.53,9.31,9.31,8.61,6.96,6.54,7.17,6.48,7.15,8.49,54.68,,,,,,,,,,,,,,,,,,,,,,,,,,,,,,,,,,,,,,,,,,,54.2,47.74,47.7,47.6,47.53,47.42,47.34,47.27,47.35,47.38,47.42,47.58,47.68,47.82,47.95,48.1,48.28,48.47,48.71,47.03,47.16,22.63,22.84,22.72,22.67,22.67,22.72,22.81,22.93,23.07,23.18,23.24,23.7,24.12,24.48,24.87,25.31,25.81,26.36,26.95,27.53,28.09,,,,,,,5186.05,5026.79,5004.8,5026.86,5181.2,5568.28,5662.87,5613.12,5786.46,5680.09,5355.03,,4.1,4.13,4.09,4.07,4.05,4.02,3.99,3.94,3.89,3.94,4.01,4.1,4.25,4.45,4.64,4.83,5.01,5.19,5.28,5.34,5.43,1.97,1.93,1.92,1.91,1.9,1.91,1.91,1.92,1.93,1.95,1.96,1.97,1.99,2.0,2.01,2.02,2.02,2.03,2.03,2.03,2.03,,0.83,0.82,0.81,0.77,0.71,0.67,0.64,0.61,0.59,0.56,0.53,0.5,0.48,0.43,0.4,0.36,0.36,0.37,0.37,0.22,0.23,,717.47,55.56,37.89,44.16,44.32,44.42,44.51,44.78,45.04,45.28,45.39,45.44,45.46,45.36,45.24,45.04,44.83,44.61,44.38,44.13,43.93,45.72,45.6,73.67,73.51,73.65,73.72,73.74,73.78,73.77,73.73,73.66,73.62,73.63,73.24,72.89,72.59,72.27,71.9,71.47,70.99,70.44,69.86,69.3,0.08,0.08,0.08,0.08,0.08,0.08,0.08,0.08,0.07,0.07,0.07,0.07,0.07,0.07,0.07,0.07,0.07,0.06,0.06,0.06,0.06,69.09,4.0,3.8,3.6,3.5,3.5,3.6,3.6,3.5,3.3,3.3,3.1,2.9,2.8,3.0,3.1,3.2,3.1,3.0,2.99,3.15,3.08,3.13,3.19,3.1,3.0,2.89,2.79,2.68,2.58,2.46,2.35,2.27,2.18,2.09,1.97,1.84,1.72,1.68,1.59,1.65,1.65,1.63,1.62,1.6,1.52,1.43,1.34,1.26,1.18,1.1,1.01,0.93,0.85,0.78,0.7,0.62,0.56,0.52,0.52,0.51
South-eastern Asia,22.48,20.76,20.04,17.54,18.8,15.51,14.27,11.97,9.52,8.34,7.4,6.06,5.19,4.66,4.02,3.38,2.84,2.22,2.65,2.15,53.7,51.35,50.0,47.56,48.45,43.99,42.19,39.34,32.85,30.83,29.32,27.27,25.12,22.31,20.55,17.99,16.02,14.71,15.84,14.66,51723.16,,,,,,,,,,,,,,,,,,,,,,,,,,,,,,,,,,,,,,,,,,,27.01,27.55,28.13,28.71,29.3,29.88,30.47,31.13,31.79,32.49,33.18,33.82,34.44,35.06,35.67,36.29,36.9,37.51,38.12,38.64,39.24,27.78,28.24,28.69,29.16,29.63,30.08,30.49,30.9,31.3,31.7,32.1,32.49,32.89,33.29,33.76,34.18,34.57,34.96,35.33,35.7,36.03,,,,,,,9294.48,9736.23,10099.01,10451.02,10836.76,11255.7,11746.32,12242.19,12679.67,12145.02,12444.48,,11.04,11.12,11.18,11.22,11.23,11.21,11.16,10.96,10.73,10.48,10.21,9.91,9.58,9.24,8.86,8.47,8.05,7.62,7.18,6.79,6.29,2.54,2.49,2.43,2.37,2.31,2.25,2.21,2.16,2.11,2.06,2.01,1.96,1.91,1.85,1.74,1.66,1.6,1.55,1.48,1.42,1.36,,21.27,20.39,19.5,18.58,17.67,16.77,15.87,14.98,14.11,13.24,12.38,11.54,10.7,9.88,9.04,8.24,7.44,6.89,6.21,5.54,4.91,,675796.07,50.01,27.71,28.58,29.39,30.24,31.1,31.98,32.86,33.81,34.78,35.71,36.66,37.66,38.7,39.75,40.81,41.87,42.95,44.03,45.11,46.07,47.16,49.95,50.33,50.66,51.02,51.38,51.76,52.14,52.53,52.92,53.31,53.67,54.04,54.4,54.74,55.08,55.42,55.75,56.09,56.41,56.74,57.07,5.86,5.61,5.35,5.1,4.85,4.6,4.35,4.11,3.92,3.68,3.44,3.2,2.96,2.73,2.5,2.28,2.07,1.89,1.75,1.64,1.54,54985.98,20.0,19.3,18.3,17.7,17.1,16.4,15.5,14.5,13.3,12.0,10.8,10.1,10.1,10.4,10.4,10.1,9.8,9.8,12.97,12.36,11.8,11.25,10.71,10.17,9.64,9.11,8.59,8.08,7.57,7.07,6.57,6.08,5.61,5.13,4.65,3.95,3.38,2.97,2.4,13.87,13.34,12.86,12.34,11.83,11.32,10.81,10.31,9.75,9.26,8.78,8.31,7.85,7.38,6.93,6.47,6.02,5.52,5.02,4.51,4.0
South America,12.28,11.37,10.04,9.16,7.48,6.85,5.99,5.6,4.93,4.47,3.92,3.36,3.03,3.25,3.73,3.98,4.13,4.84,5.82,5.84,25.22,24.29,22.28,20.16,17.19,15.58,13.91,12.89,11.55,10.34,9.41,8.4,7.81,8.07,8.86,9.1,9.52,10.65,12.34,12.08,41020.22,,,,,,,,,,,,,,,,,,,,,,,,,,,,,,,,,,,,,,,,,,,56.5,56.75,56.98,57.2,57.36,58.62,58.77,58.91,59.04,59.15,59.25,59.35,59.22,59.07,58.89,58.69,58.45,58.02,57.64,57.24,56.91,18.38,18.45,18.53,18.6,18.67,18.74,18.81,18.87,18.94,19.0,19.07,19.13,19.19,18.9,18.61,18.32,18.03,17.82,17.54,17.5,17.85,,,,,,,15582.05,15764.61,16151.53,16131.45,15867.98,15502.28,15621.86,15676.23,15615.02,14520.35,15452.31,,4.31,4.25,4.19,4.12,4.06,3.69,3.61,3.52,3.42,3.32,3.22,3.12,3.01,2.9,2.79,2.69,2.58,2.46,2.35,2.23,2.12,0.49,0.49,0.49,0.49,0.48,0.48,0.48,0.47,0.47,0.46,0.46,0.46,0.45,0.45,0.44,0.44,0.43,0.36,0.35,0.33,0.21,,9.32,8.83,8.36,7.9,7.45,7.14,6.53,6.11,5.7,5.29,4.89,4.5,4.11,3.73,3.36,3.02,2.65,2.29,1.96,1.68,1.36,,434254.12,15.44,17.81,18.4,18.99,19.58,20.24,20.63,21.28,21.95,22.62,23.29,23.98,24.67,25.57,26.49,27.43,28.39,29.37,30.45,31.53,32.62,33.72,73.54,73.84,74.12,74.39,74.66,74.93,75.19,75.45,75.7,75.94,76.18,76.42,76.65,77.21,77.77,78.32,78.83,79.38,79.89,80.15,80.09,2.32,2.25,2.21,2.16,2.12,2.07,2.03,1.98,1.93,1.89,1.84,1.8,1.75,1.68,1.61,1.46,1.39,1.34,1.27,1.17,1.07,31518.67,10.9,10.2,9.4,8.3,7.6,7.0,6.2,5.7,5.3,5.1,4.7,4.4,4.1,4.1,4.3,4.8,5.3,5.5,12.06,11.77,11.47,11.19,10.9,9.92,9.81,9.52,9.22,8.94,8.65,8.37,8.08,7.8,7.52,7.21,6.94,6.78,6.52,6.22,5.89,5.26,4.97,4.65,4.36,4.07,3.78,3.5,3.23,2.96,2.7,2.45,2.2,1.96,1.76,1.57,1.46,1.31,1.1,0.96,0.85,0.78
Southern Africa,34.64,33.92,31.18,27.23,22.46,21.02,18.77,18.64,17.7,17.68,17.81,17.91,18.36,18.94,19.17,19.15,19.35,19.72,21.57,20.69,54.2,54.32,52.69,49.79,44.39,42.24,39.33,38.8,37.37,37.06,37.05,36.92,37.22,37.77,38.14,38.15,38.35,38.77,41.14,40.12,3885.5,55.26,56.36,57.47,58.59,59.69,60.78,61.86,62.94,64.01,65.07,66.11,67.15,68.17,69.18,70.17,71.15,72.11,73.05,73.98,74.91,75.76,82.57,83.1,83.64,84.17,84.7,85.22,85.76,86.3,86.84,87.36,87.88,88.38,88.87,89.35,89.82,90.28,90.73,91.16,91.59,92.01,92.38,,,,,,,,,,,,,,,,,,,,,,,,,,,,,,,,,,,,,,,,,,,,,,,,,13164.69,13283.77,13465.63,13494.96,13452.36,13370.58,13325.03,13336.92,13175.71,12135.59,12633.72,,13.98,14.07,14.16,14.24,14.31,14.37,14.43,14.48,14.52,14.56,14.59,14.61,14.64,14.65,14.66,14.67,14.68,14.69,14.69,14.69,14.69,3.91,3.92,3.92,3.92,3.92,3.92,3.89,3.84,3.8,3.76,3.72,3.67,3.63,3.6,3.56,3.52,3.49,3.45,3.42,3.38,3.36,,15.75,15.0,14.24,13.49,12.75,12.03,11.33,10.63,9.95,9.27,8.61,7.96,7.33,6.72,6.12,5.53,4.96,4.41,3.87,3.34,3.08,,67984.55,35.37,,,,,,,,,,,,,,,,,,,,,,,,,,,,,,,,,,,,,,,,,,,8.23,7.88,7.54,7.2,6.86,6.53,6.2,5.88,5.57,5.26,4.95,4.66,4.37,4.03,3.76,3.49,3.23,2.97,2.72,2.48,2.26,6856.64,5.7,5.4,5.3,5.0,5.0,5.2,5.4,5.6,5.6,5.6,5.5,5.6,5.8,6.3,7.1,7.3,7.6,7.8,15.01,14.57,14.13,13.68,13.24,12.81,12.38,11.95,11.52,11.1,10.69,10.27,9.86,9.45,9.05,8.65,8.25,7.85,7.46,7.07,6.47,5.29,5.1,4.91,4.71,4.52,4.33,4.15,3.97,3.79,3.62,3.45,3.29,3.13,3.02,2.86,2.71,2.56,2.41,2.27,2.13,2.0
Southern Asia,38.16,37.37,35.86,33.44,33.06,31.16,29.92,28.69,25.21,20.44,18.65,16.67,14.91,13.04,11.23,9.72,8.54,7.91,9.04,7.17,73.33,72.57,71.3,69.34,68.94,67.4,66.43,65.37,62.47,57.89,55.49,53.08,50.58,48.17,45.04,42.17,39.91,38.71,40.81,37.06,127151.8,,,,,,,,,,,,,,,,,,,,,,,,,,,,,,,,,,,,,,,,,,,10.0,11.26,12.5,13.16,13.44,14.12,14.81,15.46,16.12,16.78,17.44,18.11,18.78,19.46,20.14,20.82,21.5,22.19,22.96,23.73,24.5,37.07,36.75,36.43,36.1,35.77,35.45,35.14,34.83,34.52,34.21,33.89,33.58,33.16,32.75,32.33,31.91,31.49,31.07,30.64,30.14,29.64,73.17,,,,,,4829.61,4966.23,5145.6,5412.45,5681.75,6026.31,6314.83,6577.76,6722.62,6334.98,6845.04,,5.96,6.53,7.05,7.54,8.01,8.45,8.87,9.27,9.64,10.0,10.33,10.65,10.95,11.22,11.48,11.73,11.95,12.16,12.35,12.52,12.68,3.41,3.42,3.47,3.51,3.56,3.63,3.68,3.72,3.77,3.81,3.86,3.9,3.94,3.98,4.03,4.07,4.1,4.14,4.18,4.22,4.26,,60.59,58.06,55.51,52.96,50.43,47.92,45.42,42.94,40.47,38.01,35.56,33.12,30.68,28.26,25.85,23.45,21.06,18.98,16.6,14.28,12.0,,1989452.48,63.35,10.95,11.96,13.11,14.84,16.97,18.72,20.46,22.26,24.06,25.87,27.69,29.51,31.33,33.16,34.99,36.83,38.66,40.5,42.26,44.0,45.74,45.16,45.93,46.71,47.5,48.29,49.04,49.79,50.56,51.32,52.09,52.85,53.61,54.47,55.32,56.17,57.03,57.88,58.74,59.6,60.52,61.44,2.21,2.16,2.1,2.03,1.97,1.9,1.83,1.76,1.69,1.61,1.54,1.48,1.41,1.34,1.27,1.2,1.14,1.07,1.0,0.93,0.86,177564.64,18.5,19.6,20.5,20.6,20.0,18.4,16.7,15.9,15.7,15.6,15.7,15.7,15.3,14.7,14.1,13.8,13.6,13.4,12.52,12.19,11.85,11.5,11.15,10.8,10.44,10.07,9.7,9.34,8.98,8.62,8.26,7.9,7.54,7.18,6.82,6.17,5.84,5.47,5.08,12.15,11.73,11.29,10.86,10.42,9.99,9.56,9.13,8.7,8.28,7.85,7.44,7.02,6.61,6.2,5.79,5.39,4.98,4.58,4.19,3.8
Southern Europe,0.76,0.72,0.65,0.62,0.62,0.5,0.49,0.81,0.95,1.09,1.32,1.16,1.36,1.32,1.53,1.25,0.96,0.94,0.98,0.96,1.48,1.43,1.36,1.35,1.22,1.05,1.01,1.37,1.55,1.77,2.41,2.12,2.48,2.18,2.53,2.01,1.5,1.46,1.6,1.51,32749.47,,,,,,,,,,,,,,,,,,,,,,,,,,,,,,,,,,,,,,,,,,,31.56,31.33,31.06,30.77,30.3,29.85,29.71,29.27,28.82,28.37,27.85,27.32,26.79,26.31,25.83,25.37,24.94,24.51,24.1,23.2,23.03,3.52,3.46,3.4,3.35,3.35,3.38,3.39,3.42,3.11,3.16,3.22,3.29,3.36,3.43,3.51,3.58,3.63,3.68,3.72,3.74,3.76,,,,,,,35319.38,34206.76,33763.32,34017.75,34740.45,35491.92,36358.14,37029.57,37543.19,34076.77,36335.13,,0.54,0.54,0.54,0.53,0.53,0.51,0.5,0.47,0.45,0.43,0.42,0.4,0.38,0.36,0.34,0.33,0.31,0.29,0.28,0.27,0.26,0.95,0.95,0.93,0.91,0.9,0.86,0.83,0.8,0.77,0.74,0.71,0.68,0.65,0.62,0.59,0.56,0.53,0.49,0.46,0.43,0.4,,0.1,0.1,0.09,0.08,0.06,0.06,0.05,0.04,0.04,0.03,0.03,0.02,0.02,0.01,0.01,0.01,0.01,0.01,0.0,0.0,0.0,,152130.61,27.85,67.03,67.29,67.6,67.93,68.45,68.96,69.13,69.63,70.14,70.65,71.22,71.81,72.39,72.93,73.45,73.95,74.44,74.9,75.33,76.33,76.51,95.0,95.09,95.2,95.29,95.33,95.37,95.42,95.45,95.84,95.84,95.84,95.83,95.81,95.77,95.73,95.69,95.68,95.66,95.65,95.66,95.67,0.04,0.04,0.04,0.03,0.03,0.03,0.03,0.02,0.01,0.01,0.01,0.01,0.0,0.0,0.0,0.0,0.0,0.0,0.0,0.0,0.0,6112.87,2.4,2.4,2.4,2.4,2.4,2.4,2.4,2.4,2.4,2.4,2.4,2.4,2.4,2.4,2.4,2.4,2.4,2.4,0.77,0.74,0.71,0.68,0.66,0.63,0.62,0.58,0.55,0.52,0.49,0.45,0.42,0.39,0.36,0.34,0.31,0.3,0.28,0.2,0.19,0.48,0.46,0.43,0.41,0.38,0.36,0.34,0.31,0.27,0.24,0.22,0.2,0.18,0.17,0.17,0.16,0.16,0.16,0.16,0.16,0.16
Western Africa,54.98,53.24,52.02,51.71,51.44,51.27,50.11,50.53,48.56,45.12,41.9,41.72,39.19,38.4,38.08,36.99,35.6,34.47,34.85,33.11,78.77,77.96,77.12,76.56,76.01,75.78,74.96,75.04,73.76,71.62,69.41,69.27,67.57,67.08,67.02,66.25,65.31,64.51,64.78,63.13,12270.99,,,,,,,,,,,,,,,,,,,,,,,,,,,,,,,,,,,,,,,,,,,7.53,7.66,7.91,8.17,8.44,8.73,9.03,9.34,9.66,9.98,10.3,10.62,10.95,11.29,11.63,11.98,12.33,12.69,13.04,13.41,13.78,32.71,33.39,34.23,35.03,35.85,36.66,37.48,38.3,39.12,39.93,40.75,41.52,42.31,43.1,43.88,44.67,45.45,46.23,47.0,47.77,48.51,,,,,,,3886.91,3978.19,4095.44,4222.48,4235.96,4149.36,4157.83,4187.91,4223.7,4087.78,4150.03,,21.82,22.19,22.3,22.4,22.5,22.57,22.62,22.67,22.71,22.74,22.76,22.78,22.78,22.77,22.76,22.73,22.69,22.65,22.61,22.55,22.48,7.99,8.2,8.29,8.36,8.43,8.49,8.54,8.58,8.61,8.64,8.65,8.68,8.7,8.71,8.71,8.7,8.69,8.66,8.64,8.6,8.55,,33.91,33.45,32.92,32.38,31.84,31.3,30.76,30.23,29.71,29.18,28.66,28.14,27.63,27.12,26.6,26.09,25.58,25.07,24.57,24.08,23.6,,418544.34,52.35,14.27,14.4,14.74,15.1,15.47,15.85,16.24,16.62,17.02,17.42,17.84,18.27,18.7,19.15,19.6,20.06,20.53,21.0,21.47,21.94,22.39,16.95,17.32,17.71,18.11,18.52,18.93,19.34,19.75,20.15,20.56,20.97,21.4,21.8,22.21,22.61,23.01,23.41,23.81,24.21,24.6,24.99,17.32,17.06,16.32,15.6,14.9,14.2,13.5,12.82,12.15,11.48,10.83,10.19,9.57,8.95,8.35,7.76,7.18,6.61,6.06,5.52,5.0,67343.79,15.8,15.6,15.2,14.6,13.8,13.2,12.7,12.5,12.3,12.1,12.1,12.0,12.5,13.2,13.9,14.4,14.4,14.7,22.47,22.3,22.13,21.94,21.75,21.55,21.35,21.13,20.91,20.67,20.43,20.19,19.93,19.67,19.41,19.14,18.87,18.59,18.31,18.03,17.75,25.04,24.02,23.46,22.89,22.31,21.72,21.14,20.56,19.97,19.38,18.8,18.21,17.62,17.04,16.45,15.86,15.27,14.68,14.09,13.51,12.95
Western Asia,2.79,5.4,2.74,2.75,2.43,2.34,2.0,2.08,2.0,2.68,2.81,2.85,3.37,6.42,7.84,9.58,10.45,10.8,11.63,11.62,14.85,21.35,13.93,13.5,12.02,11.5,10.8,10.43,9.99,11.59,12.03,12.04,13.1,16.69,17.1,18.94,19.94,20.44,21.69,21.57,15933.36,,,,,,,,,,,,,,,,,,,,,,,,,,,,,,,,,,,,,,,,,,,48.88,48.93,49.0,49.11,48.95,48.82,48.59,48.1,47.58,47.05,46.6,46.26,45.99,45.79,45.56,45.25,44.93,35.09,34.8,34.68,34.11,17.71,17.84,18.53,18.62,18.65,18.41,17.93,17.41,17.25,17.21,17.25,17.34,17.47,17.63,17.79,17.92,18.01,18.07,18.1,18.13,18.14,,,,,,,23337.27,23981.5,24618.9,24922.36,25298.67,25573.32,25687.83,25891.91,25791.84,24674.91,26052.13,,4.02,4.05,3.99,3.99,3.98,3.83,3.67,3.51,3.35,3.19,3.03,2.86,2.68,2.5,2.32,2.15,1.94,1.74,1.58,1.53,1.54,3.75,3.74,3.73,3.78,3.83,3.88,3.92,3.96,4.0,4.04,4.07,4.12,4.16,4.2,4.24,4.28,4.34,4.4,4.47,4.54,4.61,,4.13,4.1,4.0,3.84,3.67,3.5,3.32,3.13,2.95,2.77,2.59,2.42,2.25,2.09,1.93,1.77,1.61,1.61,1.47,1.34,1.29,,289733.12,27.66,33.25,33.42,34.0,34.42,35.14,35.97,36.92,38.14,39.37,40.58,41.69,42.66,43.55,44.39,45.22,46.12,47.0,57.38,58.16,58.65,59.25,68.92,69.0,68.57,68.85,69.21,69.86,70.75,71.7,72.29,72.73,73.08,73.36,73.59,73.77,73.97,74.19,74.45,74.74,75.02,75.28,75.51,2.58,2.48,2.39,2.28,2.17,2.05,1.92,1.8,1.67,1.55,1.44,1.34,1.24,1.14,1.04,0.94,0.83,0.74,0.64,0.55,0.46,27978.61,12.9,12.6,12.1,11.9,11.7,11.7,11.7,11.4,11.0,10.7,10.6,10.7,10.6,10.6,10.7,11.0,11.1,11.2,9.72,9.49,9.0,8.63,8.26,7.88,7.5,7.12,6.75,6.41,6.09,5.8,5.52,5.24,4.97,4.71,4.52,4.18,3.99,3.8,3.81,7.04,6.93,6.78,6.46,6.14,5.81,5.47,5.13,4.8,4.47,4.15,3.85,3.55,3.25,2.96,2.67,2.37,2.07,1.77,1.5,1.27
Western Europe,0.08,0.1,0.04,0.05,0.03,0.03,0.13,0.06,0.06,0.05,0.06,0.05,0.03,0.09,0.06,0.05,0.05,0.05,0.05,0.05,0.15,0.26,0.19,0.07,0.05,0.06,0.15,0.11,0.2,0.08,0.08,0.09,0.16,0.11,0.21,0.17,0.18,0.16,0.19,0.18,41496.27,,,,,,,,,,,,,,,,,,,,,,,,,,,,,,,,,,,,,,,,,,,4.02,4.0,3.98,3.96,3.88,3.81,3.73,3.66,3.58,3.5,3.42,3.34,3.26,3.19,3.11,3.03,2.96,2.88,2.8,2.78,2.76,1.61,1.61,1.6,1.6,1.53,1.46,1.39,1.32,1.26,1.19,1.11,1.04,0.97,0.89,0.82,0.74,0.66,0.59,0.52,0.51,0.52,,,,,,,49434.2,49418.35,49466.16,50046.95,50411.51,51000.12,52044.87,52704.36,53312.67,50219.74,52410.1,,0.99,0.99,1.0,1.0,1.0,1.01,1.01,1.01,1.01,1.02,1.02,1.02,1.02,1.02,1.02,1.02,1.02,1.02,1.02,1.03,1.03,0.0,0.0,0.0,0.0,0.0,0.0,0.0,0.0,0.0,0.0,0.0,0.0,0.0,0.0,0.0,0.0,0.0,0.0,0.0,0.0,0.0,,0.0,0.0,0.0,0.0,0.0,0.0,0.0,0.0,0.0,0.0,0.0,0.0,0.0,0.0,0.0,0.0,0.0,0.0,0.0,0.0,0.0,,195381.65,19.8,94.99,95.01,95.02,95.04,95.11,95.19,95.26,95.33,95.41,95.48,95.56,95.64,95.72,95.79,95.87,95.94,96.02,96.09,96.17,96.19,96.22,98.35,98.36,98.37,98.38,98.45,98.52,98.59,98.66,98.73,98.8,98.88,98.95,99.03,99.11,99.18,99.26,99.34,99.41,99.48,99.49,99.48,0.0,0.0,0.0,0.0,0.0,0.0,0.0,0.0,0.0,0.0,0.0,0.0,0.0,0.0,0.0,0.0,0.0,0.0,0.0,0.0,0.0,9748.64,2.4,2.4,2.4,2.4,2.4,2.4,2.4,2.4,2.4,2.4,2.4,2.4,2.4,2.4,2.4,2.4,2.4,2.4,0.0,0.0,0.0,0.0,0.0,0.0,0.0,0.0,0.0,0.0,0.0,0.0,0.0,0.0,0.0,0.0,0.0,0.0,0.0,0.0,0.0,0.03,0.03,0.03,0.03,0.02,0.02,0.02,0.02,0.01,0.01,0.01,0.01,0.0,0.0,0.0,0.0,0.0,0.0,0.0,0.0,0.0
